Workbook

Sheet v5
A1: ROUNDING | B1: -1 | E1: ROUND | F1: -1
A2: Target Leadership | B2: 531062
A3: Ratio to Calculate G9 F | B3: 0.00182 | C3: Experimental
A4: G9 F Simulation | B4: =+B2*B3 -> 966.53284 | C4: Experimental
B5: TROOPS | C5: LEADERSHIP
A6: DON’T TOUCH | B6: =B4 -> 966.53284
D8: RATIO
A9: G9 Flying | B9: =ROUNDDOWN(B4,-1) -> 960 | C9: =+B6*20 -> 19330.657
A10: S9 Flying | B10: =+ROUNDDOWN($B$6*D10,$B$1) -> 960 | C10: =+B10*20 -> 19200 | D10: 1 | E10: 720
A11: G8 Flying | B11: =+ROUND($B$6*D11,$B$1) -> 1880 | C11: =+B11*20 -> 37600 | D11: 1.944 | E11: 1400
A12: S8 Flying | B12: =+ROUND($B$6*D12,$B$1) -> 1870 | C12: =+B12*20 -> 37400 | D12: 1.93 | E12: 1390
A13: G7 Flying | B13: =+ROUND($B$6*D13,$B$1) -> 3440 | C13: =+B13*20 -> 68800 | D13: 3.555 | E13: 2560
A14: G9 Mounted | B14: =+ROUNDDOWN($B$6*D14,$B$1) -> 9670 | C14: =+B14*2 -> 19340 | D14: 10.014 | E14: 7210
A15: S9 Mounted | B15: =+ROUNDDOWN($B$6*D15,$B$1) -> 9940 | C15: =+B15*2 -> 19880 | D15: 10.291 | E15: 7410
A16: G8 Mounted | B16: =+ROUND($B$6*D16,$B$1) -> 19060 | C16: =+B16*2 -> 38120 | D16: 19.722 | E16: 14200
A17: S8 Mounted | B17: =+ROUND($B$6*D17,$B$1) -> 19440 | C17: =+B17*2 -> 38880 | D17: 20.111 | E17: 14480
A18: G9 Ranged | B18: =+ROUNDDOWN($B$6*D18,$B$1) -> 19140 | C18: =+B18 -> 19140 | D18: 19.805 | E18: 14260
A19: G9 Mounted | B19: =+ROUNDDOWN($B$6*D19,$B$1) -> 19430 | C19: =+B19 -> 19430 | D19: 20.111 | E19: 14480
A20: S9 Ranged | B20: =+ROUNDDOWN($B$6*D20,$B$1) -> 19540 | C20: =+B20 -> 19540 | D20: =+D18*1.0211 -> 20.222885 | E20: 14560
A21: G9 Ranged | B21: =+ROUNDDOWN($B$6*D21,$B$1) -> 20000 | C21: =+B21 -> 20000 | D21: =+D19*1.029 -> 20.694219 | E21: 14900
A22: G8 Ranged | B22: =+ROUND($B$6*D22,$B$1) -> 37180 | C22: =+B22 -> 37180 | D22: 38.472 | E22: 27700
A23: G8 Melee | B23: =+ROUND($B$6*D23,$B$1) -> 38260 | C23: =+B23 -> 38260 | D23: 39.584 | E23: 28500 | G23: =B23/B25 -> 0.98278962
A24: S8 Ranged | B24: =+ROUND($B$6*D24,$B$1) -> 38390 | C24: =+B24 -> 38390 | D24: 39.722 | E24: 28600
A25: S8 Melee | B25: =+ROUND($B$6*D25,$B$1) -> 38930 | C25: =+B25 -> 38930 | D25: 40.278 | E25: 29000
A27: Regular Troops | B27: =SUM(B11:B26) -> 296170 | C27: =SUM(C9:C25) -> 529420.66

Sheet Base Data
A1: INPUTS (transfer from Calcs)
A2: Customization Bonus | B2: =+Calcs!B3 -> 0.175
A3: Talents (Troop Type) | B3: =+Calcs!B4 -> 2.5
A4: Talents (G/S) | B4: =+Calcs!B5 -> 1.5
A5: Hall of Fame | B5: =+Calcs!B6 -> 1.2
A6: Army Mod | B6: =+Calcs!B7 -> 3.1
A7: Health of Captain (Army) | B7: =+Calcs!B8 -> 0
A8: Health of Artifact | B8: =+Calcs!B9 -> 0
A9: Health of Equipment | B9: =+Calcs!B10 -> 3
A10: Dragon | B10: =+Calcs!B11 -> 1.6
A11: VIP | B11: =+Calcs!B12 -> 0.09 | V11: =3*75 -> 225
A12: Clan Capital | B12: =+Calcs!B13 -> 1 | V12: =3*100 -> 300
A13: Clan Army Health Bonus | B13: =+Calcs!B14 -> 0.25 | V13: =3*60 -> 180
A14: Personal Bonuses | B14: =+Calcs!B15 -> 0.25 | L14: 1468 | M14: 1557 | N14: =+M14-L14 -> 89 | V14: =3*50 -> 150
A15: Total Bonus | B15: =SUM(B2:B14) -> 14.665 | V15: =3*25 -> 75
A16: Beasts Bonus (Talents) | B16: =+Calcs!B17 -> 1 | K16: 1572.5 | L16: 2244.5 | V16: =SUM(V11:V15) -> 930
A17: Great Marshal | B17: =+Calcs!B18 -> ON | K17: 1572.5 | L17: 2245.5
A18: Captain Bonus for Guardsmen | B18: =+Calcs!B19 -> 0
A19: Captain Bonus for Specialits | B19: =+Calcs!B20 -> 0 | D19: =54-25 -> 29 | M19: =2337-2250 -> 87
A20: Captain Bonus for Flyings | B20: =+Calcs!B21 -> 0
A21: Captain Bonus for Mounted | B21: =+Calcs!B22 -> 0 | L21: 21.815 | M21: 15.965
A22: Captain Bonus for Ranged | B22: =+Calcs!B23 -> 0 | L22: =+L21-L26 -> 6.8 | M22: =+M21-L27 -> 0.95
A23: Captain Bonus for Melee | B23: =+Calcs!B24 -> 0 | L23: =2242.5%-L30 -> 7.41
A25: Guardsmen | B25: Base Health | C25: Leadership per Troop | D25: Base Bonus | E25: Beast Bonus | F25: Guardsmen Bonus | G25: Flyings Bonus | H25: Mounted Bonus | I25: Ranged Bonus | J25: Melee Bonus | K25: Great Marshal | L25: Total Health Bonus | M25: Health per Troop | N25: Level | O25: Use Increased Buffer
A26: G9 Flyings | B26: 330600 | C26: 20 | D26: =+$B$15+10% -> 14.765 | F26: =+$B$18 -> 0 | G26: =+$B$20 -> 0 | K26: =25%*($B$17="ON") -> 0.25 | L26: =SUM(D26:K26) -> 15.015 | M26: =+B26*L26 -> 4963959 | N26: 9 | P26: =+$P$29 -> 1
A27: G9 Mounted | B27: 33060 | C27: 2 | D27: =+$B$15+10% -> 14.765 | F27: =+$B$18 -> 0 | H27: =+$B$21 -> 0 | K27: =25%*($B$17="ON") -> 0.25 | L27: =SUM(D27:K27) -> 15.015 | M27: =+B27*L27 -> 496395.9 | N27: 9 | P27: =+$P$29 -> 1
A28: G9 Ranged | B28: 16530 | C28: 1 | D28: =+$B$15+10% -> 14.765 | F28: =+$B$18 -> 0 | I28: =+$B$22 -> 0 | K28: =25%*($B$17="ON") -> 0.25 | L28: =SUM(D28:K28) -> 15.015 | M28: =+B28*L28 -> 248197.95 | N28: 9 | P28: =+$P$29 -> 1
A29: G9 Melee | B29: 16530 | C29: 1 | D29: =+$B$15+10% -> 14.765 | F29: =+$B$18 -> 0 | J29: =+$B$23 -> 0 | K29: =25%*($B$17="ON") -> 0.25 | L29: =SUM(D29:K29) -> 15.015 | M29: =+B29*L29 -> 248197.95 | N29: 9 | P29: 1
A30: G8 Flyings | B30: 183600 | C30: 20 | D30: =+$B$15+10% -> 14.765 | F30: =+$B$18 -> 0 | G30: =+$B$20 -> 0 | K30: =25%*($B$17="ON") -> 0.25 | L30: =SUM(D30:K30) -> 15.015 | M30: =+B30*L30 -> 2756754 | N30: =+N26-1 -> 8 | P30: =+$P$33 -> 0.5553539
A31: G8 Mounted | B31: 18360 | C31: 2 | D31: =+$B$15+10% -> 14.765 | F31: =+$B$18 -> 0 | H31: =+$B$21 -> 0 | K31: =25%*($B$17="ON") -> 0.25 | L31: =SUM(D31:K31) -> 15.015 | M31: =+B31*L31 -> 275675.4 | N31: =+N27-1 -> 8 | P31: =+$P$33 -> 0.5553539
A32: G8 Ranged | B32: 9180 | C32: 1 | D32: =+$B$15+10% -> 14.765 | F32: =+$B$18 -> 0 | I32: =+$B$22 -> 0 | K32: =25%*($B$17="ON") -> 0.25 | L32: =SUM(D32:K32) -> 15.015 | M32: =+B32*L32 -> 137837.7 | N32: =+N28-1 -> 8 | P32: =+$P$33 -> 0.5553539
A33: G8 Melee | B33: 9180 | C33: 1 | D33: =+$B$15+10% -> 14.765 | F33: =+$B$18 -> 0 | J33: =+$B$23 -> 0 | K33: =25%*($B$17="ON") -> 0.25 | L33: =SUM(D33:K33) -> 15.015 | M33: =+B33*L33 -> 137837.7 | N33: =+N29-1 -> 8 | P33: =+B33/$B$29 -> 0.5553539
A34: G7 Flyings | B34: 102000 | C34: 20 | D34: =+$B$15+10% -> 14.765 | E34: =+$B$16 -> 1 | F34: =+$B$18 -> 0 | G34: =+$B$20 -> 0 | K34: =25%*($B$17="ON") -> 0.25 | L34: =SUM(D34:K34) -> 16.015 | M34: =+B34*L34 -> 1633530 | N34: =+N30-1 -> 7 | P34: =+$P$37 -> 0.30852995
A35: G7 Mounted | B35: 10200 | C35: 2 | D35: =+$B$15+10% -> 14.765 | F35: =+$B$18 -> 0 | H35: =+$B$21 -> 0 | K35: =25%*($B$17="ON") -> 0.25 | L35: =SUM(D35:K35) -> 15.015 | M35: =+B35*L35 -> 153153 | N35: =+N31-1 -> 7 | P35: =+$P$37 -> 0.30852995
A36: G7 Ranged | B36: 5100 | C36: 1 | D36: =+$B$15+10% -> 14.765 | F36: =+$B$18 -> 0 | I36: =+$B$22 -> 0 | K36: =25%*($B$17="ON") -> 0.25 | L36: =SUM(D36:K36) -> 15.015 | M36: =+B36*L36 -> 76576.5 | N36: =+N32-1 -> 7 | P36: =+$P$37 -> 0.30852995
A37: G7 Melee | B37: 5100 | C37: 1 | D37: =+$B$15+10% -> 14.765 | F37: =+$B$18 -> 0 | J37: =+$B$23 -> 0 | K37: =25%*($B$17="ON") -> 0.25 | L37: =SUM(D37:K37) -> 15.015 | M37: =+B37*L37 -> 76576.5 | N37: =+N33-1 -> 7 | P37: =+B37/$B$29 -> 0.30852995
A38: G6 Flyings | B38: 57000 | C38: 20 | D38: =+$B$15+10% -> 14.765 | E38: =+$B$16 -> 1 | F38: =+$B$18 -> 0 | G38: =+$B$20 -> 0 | K38: =25%*($B$17="ON") -> 0.25 | L38: =SUM(D38:K38) -> 16.015 | M38: =+B38*L38 -> 912855 | N38: =+N34-1 -> 6 | P38: =+$P$41 -> 0.17059891
A39: G6 Mounted | B39: 5700 | C39: 2 | D39: =+$B$15+10% -> 14.765 | F39: =+$B$18 -> 0 | H39: =+$B$21 -> 0 | K39: =25%*($B$17="ON") -> 0.25 | L39: =SUM(D39:K39) -> 15.015 | M39: =+B39*L39 -> 85585.5 | N39: =+N35-1 -> 6 | P39: =+$P$41 -> 0.17059891
A40: G6 Ranged | B40: 2820 | C40: 1 | D40: =+$B$15+10% -> 14.765 | F40: =+$B$18 -> 0 | I40: =+$B$22 -> 0 | K40: =25%*($B$17="ON") -> 0.25 | L40: =SUM(D40:K40) -> 15.015 | M40: =+B40*L40 -> 42342.3 | N40: =+N36-1 -> 6 | P40: =+$P$41 -> 0.17059891
A41: G6 Melee | B41: 2820 | C41: 1 | D41: =+$B$15+10% -> 14.765 | F41: =+$B$18 -> 0 | J41: =+$B$23 -> 0 | K41: =25%*($B$17="ON") -> 0.25 | L41: =SUM(D41:K41) -> 15.015 | M41: =+B41*L41 -> 42342.3 | N41: =+N37-1 -> 6 | P41: =+B41/$B$29 -> 0.17059891
A42: G5 Flyings | B42: 30000 | C42: 20 | D42: =+$B$15+10% -> 14.765 | E42: =+$B$16 -> 1 | F42: =+$B$18 -> 0 | G42: =+$B$20 -> 0 | K42: =25%*($B$17="ON") -> 0.25 | L42: =SUM(D42:K42) -> 16.015 | M42: =+B42*L42 -> 480450 | N42: =+N38-1 -> 5 | O42: 1 | P42: =+$P$45 -> 0.094373866
A43: G5 Mounted | B43: 3150 | C43: 2 | D43: =+$B$15+10% -> 14.765 | F43: =+$B$18 -> 0 | H43: =+$B$21 -> 0 | K43: =25%*($B$17="ON") -> 0.25 | L43: =SUM(D43:K43) -> 15.015 | M43: =+B43*L43 -> 47297.25 | N43: =+N39-1 -> 5 | P43: =+$P$45 -> 0.094373866
A44: G5 Ranged | B44: 1560 | C44: 1 | D44: =+$B$15+10% -> 14.765 | F44: =+$B$18 -> 0 | I44: =+$B$22 -> 0 | K44: =25%*($B$17="ON") -> 0.25 | L44: =SUM(D44:K44) -> 15.015 | M44: =+B44*L44 -> 23423.4 | N44: =+N40-1 -> 5 | P44: =+$P$45 -> 0.094373866
A45: G5 Melee | B45: 1560 | C45: 1 | D45: =+$B$15+10% -> 14.765 | F45: =+$B$18 -> 0 | J45: =+$B$23 -> 0 | K45: =25%*($B$17="ON") -> 0.25 | L45: =SUM(D45:K45) -> 15.015 | M45: =+B45*L45 -> 23423.4 | N45: =+N41-1 -> 5 | P45: =+B45/$B$29 -> 0.094373866
A46: G4 Mounted | B46: 1740 | C46: 1 | D46: =+$B$15+10% -> 14.765 | F46: =+$B$18 -> 0 | H46: =+$B$21 -> 0 | K46: =25%*($B$17="ON") -> 0.25 | L46: =SUM(D46:K46) -> 15.015 | M46: =+B46*L46 -> 26126.1 | N46: =+N42-1 -> 4 | P46: =+$P$48 -> 0.052631579
A47: G4 Ranged | B47: 870 | C47: 1 | D47: =+$B$15+10% -> 14.765 | F47: =+$B$18 -> 0 | I47: =+$B$22 -> 0 | K47: =25%*($B$17="ON") -> 0.25 | L47: =SUM(D47:K47) -> 15.015 | M47: =+B47*L47 -> 13063.05 | N47: =+N43-1 -> 4 | P47: =+$P$48 -> 0.052631579
A48: G4 Melee | B48: 870 | C48: 1 | D48: =+$B$15+10% -> 14.765 | F48: =+$B$18 -> 0 | J48: =+$B$23 -> 0 | K48: =25%*($B$17="ON") -> 0.25 | L48: =SUM(D48:K48) -> 15.015 | M48: =+B48*L48 -> 13063.05 | N48: =+N44-1 -> 4 | P48: =+B48/$B$29 -> 0.052631579
A49: G3 Mounted | B49: 960 | C49: 1 | D49: =+$B$15+10% -> 14.765 | F49: =+$B$18 -> 0 | H49: =+$B$21 -> 0 | K49: =25%*($B$17="ON") -> 0.25 | L49: =SUM(D49:K49) -> 15.015 | M49: =+B49*L49 -> 14414.4 | N49: 3 | P49: =+$P$51 -> 0.029038113
A50: G3 Ranged | B50: 480 | C50: 1 | D50: =+$B$15+10% -> 14.765 | F50: =+$B$18 -> 0 | I50: =+$B$22 -> 0 | K50: =25%*($B$17="ON") -> 0.25 | L50: =SUM(D50:K50) -> 15.015 | M50: =+B50*L50 -> 7207.2 | N50: 3 | P50: =+$P$51 -> 0.029038113
A51: G3 Melee | B51: 480 | C51: 1 | D51: =+$B$15+10% -> 14.765 | F51: =+$B$18 -> 0 | J51: =+$B$23 -> 0 | K51: =25%*($B$17="ON") -> 0.25 | L51: =SUM(D51:K51) -> 15.015 | M51: =+B51*L51 -> 7207.2 | N51: 3 | P51: =+B51/$B$29 -> 0.029038113
A52: G2 Mounted | B52: 540 | C52: 1 | D52: =+$B$15+10% -> 14.765 | F52: =+$B$18 -> 0 | H52: =+$B$21 -> 0 | K52: =25%*($B$17="ON") -> 0.25 | L52: =SUM(D52:K52) -> 15.015 | M52: =+B52*L52 -> 8108.1 | N52: 2 | P52: =+$P$54 -> 0.016333938
A53: G2 Ranged | B53: 270 | C53: 1 | D53: =+$B$15+10% -> 14.765 | F53: =+$B$18 -> 0 | I53: =+$B$22 -> 0 | K53: =25%*($B$17="ON") -> 0.25 | L53: =SUM(D53:K53) -> 15.015 | M53: =+B53*L53 -> 4054.05 | N53: 2 | P53: =+$P$54 -> 0.016333938
A54: G2 Melee | B54: 270 | C54: 1 | D54: =+$B$15+10% -> 14.765 | F54: =+$B$18 -> 0 | J54: =+$B$23 -> 0 | K54: =25%*($B$17="ON") -> 0.25 | L54: =SUM(D54:K54) -> 15.015 | M54: =+B54*L54 -> 4054.05 | N54: 2 | P54: =+B54/$B$29 -> 0.016333938
A55: G1 Mounted | B55: 300 | C55: 1 | D55: =+$B$15+10% -> 14.765 | F55: =+$B$18 -> 0 | H55: =+$B$21 -> 0 | K55: =25%*($B$17="ON") -> 0.25 | L55: =SUM(D55:K55) -> 15.015 | M55: =+B55*L55 -> 4504.5 | N55: 1 | P55: =+$P$57 -> 0.0090744102
A56: G1 Ranged | B56: 150 | C56: 1 | D56: =+$B$15+10% -> 14.765 | F56: =+$B$18 -> 0 | I56: =+$B$22 -> 0 | K56: =25%*($B$17="ON") -> 0.25 | L56: =SUM(D56:K56) -> 15.015 | M56: =+B56*L56 -> 2252.25 | N56: 1 | P56: =+$P$57 -> 0.0090744102
A57: G1 Melee | B57: 150 | C57: 1 | D57: =+$B$15+10% -> 14.765 | F57: =+$B$18 -> 0 | J57: =+$B$23 -> 0 | K57: =25%*($B$17="ON") -> 0.25 | L57: =SUM(D57:K57) -> 15.015 | M57: =+B57*L57 -> 2252.25 | N57: 1 | P57: =+B57/$B$29 -> 0.0090744102
A59: Specialists | B59: =+B25 -> Base Health | C59: Leadership per Troop | D59: Base Bonus | E59: Beast Bonus | F59: Specialist Bonus | G59: Flyings Bonus | H59: Mounted Bonus | I59: Ranged Bonus | J59: Melee Bonus | K59: Great Marshal | L59: Total Health Bonus | M59: Health per Troop | N59: Level | O59: Use Increased Buffer
A60: S9 Flyings | B60: 330600 | C60: 20 | D60: =+$B$15+10% -> 14.765 | E60: =+$B$16 -> 1 | F60: =+$B$19 -> 0 | G60: =+$B$20 -> 0 | K60: =25%*($B$17="ON") -> 0.25 | L60: =SUM(D60:K60) -> 16.015 | M60: =+B60*L60 -> 5294559 | N60: 9
A61: S9 Mounted | B61: 33060 | C61: 2 | D61: =+$B$15+10% -> 14.765 | F61: =+$B$19 -> 0 | H61: =+$B$21 -> 0 | K61: =25%*($B$17="ON") -> 0.25 | L61: =SUM(D61:K61) -> 15.015 | M61: =+B61*L61 -> 496395.9 | N61: 9
A62: S9 Ranged | B62: 16530 | C62: 1 | D62: =+$B$15+10% -> 14.765 | F62: =+$B$19 -> 0 | I62: =+$B$22 -> 0 | K62: =25%*($B$17="ON") -> 0.25 | L62: =SUM(D62:K62) -> 15.015 | M62: =+B62*L62 -> 248197.95 | N62: 9
A63: S9 Melee | B63: 16530 | C63: 1 | D63: =+$B$15+10% -> 14.765 | F63: =+$B$19 -> 0 | J63: =+$B$23 -> 0 | K63: =25%*($B$17="ON") -> 0.25 | L63: =SUM(D63:K63) -> 15.015 | M63: =+B63*L63 -> 248197.95 | N63: 9
A64: S8 Flyings | B64: 183600 | C64: 20 | D64: =+$B$15+10% -> 14.765 | E64: =+$B$16 -> 1 | F64: =+$B$19 -> 0 | G64: =+$B$20 -> 0 | K64: =25%*($B$17="ON") -> 0.25 | L64: =SUM(D64:K64) -> 16.015 | M64: =+B64*L64 -> 2940354 | N64: =+N60-1 -> 8
A65: S8 Mounted | B65: 18360 | C65: 2 | D65: =+$B$15+10% -> 14.765 | F65: =+$B$19 -> 0 | H65: =+$B$21 -> 0 | K65: =25%*($B$17="ON") -> 0.25 | L65: =SUM(D65:K65) -> 15.015 | M65: =+B65*L65 -> 275675.4 | N65: =+N61-1 -> 8
A66: S8 Ranged | B66: 9180 | C66: 1 | D66: =+$B$15+10% -> 14.765 | F66: =+$B$19 -> 0 | I66: =+$B$22 -> 0 | K66: =25%*($B$17="ON") -> 0.25 | L66: =SUM(D66:K66) -> 15.015 | M66: =+B66*L66 -> 137837.7 | N66: =+N62-1 -> 8
A67: S8 Melee | B67: 9180 | C67: 1 | D67: =+$B$15+10% -> 14.765 | F67: =+$B$19 -> 0 | J67: =+$B$23 -> 0 | K67: =25%*($B$17="ON") -> 0.25 | L67: =SUM(D67:K67) -> 15.015 | M67: =+B67*L67 -> 137837.7 | N67: =+N63-1 -> 8
A68: S7 Flyings | B68: 5100 | C68: 1 | D68: =+$B$15+10% -> 14.765 | F68: =+$B$19 -> 0 | G68: =+$B$20 -> 0 | K68: =25%*($B$17="ON") -> 0.25 | L68: =SUM(D68:K68) -> 15.015 | M68: =+B68*L68 -> 76576.5 | N68: =+N64-1 -> 7
A69: S7 Mounted | B69: 10200 | C69: 2 | D69: =+$B$15+10% -> 14.765 | F69: =+$B$19 -> 0 | H69: =+$B$21 -> 0 | K69: =25%*($B$17="ON") -> 0.25 | L69: =SUM(D69:K69) -> 15.015 | M69: =+B69*L69 -> 153153 | N69: =+N65-1 -> 7
A70: S7 Ranged | B70: 5100 | C70: 1 | D70: =+$B$15+10% -> 14.765 | F70: =+$B$19 -> 0 | I70: =+$B$22 -> 0 | K70: =25%*($B$17="ON") -> 0.25 | L70: =SUM(D70:K70) -> 15.015 | M70: =+B70*L70 -> 76576.5 | N70: =+N66-1 -> 7
A71: S7 Melee | B71: 5100 | C71: 1 | D71: =+$B$15+10% -> 14.765 | F71: =+$B$19 -> 0 | J71: =+$B$23 -> 0 | K71: =25%*($B$17="ON") -> 0.25 | L71: =SUM(D71:K71) -> 15.015 | M71: =+B71*L71 -> 76576.5 | N71: =+N67-1 -> 7
A72: S6 Flyings | B72: 2820 | C72: 1 | D72: =+$B$15+10% -> 14.765 | F72: =+$B$19 -> 0 | G72: =+$B$20 -> 0 | K72: =25%*($B$17="ON") -> 0.25 | L72: =SUM(D72:K72) -> 15.015 | M72: =+B72*L72 -> 42342.3 | N72: =+N68-1 -> 6
A73: S6 Mounted | B73: 5700 | C73: 2 | D73: =+$B$15+10% -> 14.765 | F73: =+$B$19 -> 0 | H73: =+$B$21 -> 0 | K73: =25%*($B$17="ON") -> 0.25 | L73: =SUM(D73:K73) -> 15.015 | M73: =+B73*L73 -> 85585.5 | N73: =+N69-1 -> 6
A74: S6 Ranged | B74: 2820 | C74: 1 | D74: =+$B$15+10% -> 14.765 | F74: =+$B$19 -> 0 | I74: =+$B$22 -> 0 | K74: =25%*($B$17="ON") -> 0.25 | L74: =SUM(D74:K74) -> 15.015 | M74: =+B74*L74 -> 42342.3 | N74: =+N70-1 -> 6
A75: S6 Melee | B75: 2820 | C75: 1 | D75: =+$B$15+10% -> 14.765 | F75: =+$B$19 -> 0 | J75: =+$B$23 -> 0 | K75: =25%*($B$17="ON") -> 0.25 | L75: =SUM(D75:K75) -> 15.015 | M75: =+B75*L75 -> 42342.3 | N75: =+N71-1 -> 6
A76: S5 Flyings | B76: 1560 | C76: 1 | D76: =+$B$15+10% -> 14.765 | F76: =+$B$19 -> 0 | G76: =+$B$20 -> 0 | K76: =25%*($B$17="ON") -> 0.25 | L76: =SUM(D76:K76) -> 15.015 | M76: =+B76*L76 -> 23423.4 | N76: =+N72-1 -> 5
A77: S5 Mounted | B77: 3150 | C77: 2 | D77: =+$B$15+10% -> 14.765 | F77: =+$B$19 -> 0 | H77: =+$B$21 -> 0 | K77: =25%*($B$17="ON") -> 0.25 | L77: =SUM(D77:K77) -> 15.015 | M77: =+B77*L77 -> 47297.25 | N77: =+N73-1 -> 5
A78: S5 Ranged | B78: 1560 | C78: 1 | D78: =+$B$15+10% -> 14.765 | F78: =+$B$19 -> 0 | I78: =+$B$22 -> 0 | K78: =25%*($B$17="ON") -> 0.25 | L78: =SUM(D78:K78) -> 15.015 | M78: =+B78*L78 -> 23423.4 | N78: =+N74-1 -> 5
A79: S5 Melee | B79: 1560 | C79: 1 | D79: =+$B$15+10% -> 14.765 | F79: =+$B$19 -> 0 | J79: =+$B$23 -> 0 | K79: =25%*($B$17="ON") -> 0.25 | L79: =SUM(D79:K79) -> 15.015 | M79: =+B79*L79 -> 23423.4 | N79: =+N75-1 -> 5
A80: S4 Melee | B80: 870 | C80: 1 | D80: =+$B$15+10% -> 14.765 | F80: =+$B$19 -> 0 | J80: =+$B$23 -> 0 | K80: =25%*($B$17="ON") -> 0.25 | L80: =SUM(D80:K80) -> 15.015 | M80: =+B80*L80 -> 13063.05 | N80: 4
A81: S3 Melee | B81: 480 | C81: 1 | D81: =+$B$15+10% -> 14.765 | F81: =+$B$19 -> 0 | J81: =+$B$23 -> 0 | K81: =25%*($B$17="ON") -> 0.25 | L81: =SUM(D81:K81) -> 15.015 | M81: =+B81*L81 -> 7207.2 | N81: 3
A82: S2 Melee | B82: 270 | C82: 1 | D82: =+$B$15+10% -> 14.765 | F82: =+$B$19 -> 0 | J82: =+$B$23 -> 0 | K82: =25%*($B$17="ON") -> 0.25 | L82: =SUM(D82:K82) -> 15.015 | M82: =+B82*L82 -> 4054.05 | N82: 2
A83: S1 Melee | B83: 150 | C83: 1 | D83: =+$B$15+10% -> 14.765 | F83: =+$B$19 -> 0 | J83: =+$B$23 -> 0 | K83: =25%*($B$17="ON") -> 0.25 | L83: =SUM(D83:K83) -> 15.015 | M83: =+B83*L83 -> 2252.25 | N83: 1
A85: Monsters | B85: =+B25 -> Base Health | C85: Dominance Per Troop | D85: =+D25 -> Base Bonus | E85: =+E25 -> Beast Bonus | F85: =+F25 -> Guardsmen Bonus | G85: =+G25 -> Flyings Bonus | H85: =+H25 -> Mounted Bonus | I85: =+I25 -> Ranged Bonus | J85: =+J25 -> Melee Bonus | K85: =+K25 -> Great Marshal | ... M85: =+M25 -> Health per Troop | O85: Use Increased Buffer
A86: M9 Ranged | B86: 3450000 | C86: 52 | D86: =+$B$15+54% -> 15.205 | E86: =+$B$16 -> 1 | I86: =+$B$22 -> 0 | K86: =25%*($B$17="ON") -> 0.25 | L86: =SUM(D86:K86) -> 16.455 | M86: =+B86*L86 -> 56769750
A87: M9 Melee | B87: 3630000 | C87: 55 | D87: =+$B$15+54% -> 15.205 | E87: =+$B$16 -> 1 | J87: =+$B$23 -> 0 | K87: =25%*($B$17="ON") -> 0.25 | L87: =SUM(D87:K87) -> 16.455 | M87: =+B87*L87 -> 59731650
A88: M9 Mounted | B88: 3510000 | C88: 53 | D88: =+$B$15+54% -> 15.205 | E88: =+$B$16 -> 1 | H88: =+$B$21 -> 0 | K88: =25%*($B$17="ON") -> 0.25 | L88: =SUM(D88:K88) -> 16.455 | M88: =+B88*L88 -> 57757050
A89: M9 Flyings | B89: 3570000 | C89: 54 | D89: =+$B$15+54% -> 15.205 | E89: =+$B$16 -> 1 | G89: =+$B$20 -> 0 | K89: =25%*($B$17="ON") -> 0.25 | L89: =SUM(D89:K89) -> 16.455 | M89: =+B89*L89 -> 58744350
A90: M8 Ranged | B90: 1920000 | C90: 52 | D90: =+$B$15+54% -> 15.205 | E90: =+$B$16 -> 1 | I90: =+$B$22 -> 0 | K90: =25%*($B$17="ON") -> 0.25 | L90: =SUM(D90:K90) -> 16.455 | M90: =+B90*L90 -> 31593600
A91: M8 Melee | B91: 2010000 | C91: 55 | D91: =+$B$15+54% -> 15.205 | E91: =+$B$16 -> 1 | J91: =+$B$23 -> 0 | K91: =25%*($B$17="ON") -> 0.25 | L91: =SUM(D91:K91) -> 16.455 | M91: =+B91*L91 -> 33074550
A92: M8 Mounted | B92: 1950000 | C92: 53 | D92: =+$B$15+54% -> 15.205 | E92: =+$B$16 -> 1 | H92: =+$B$21 -> 0 | K92: =25%*($B$17="ON") -> 0.25 | L92: =SUM(D92:K92) -> 16.455 | M92: =+B92*L92 -> 32087250
A93: M8 Flyings | B93: 1980000 | C93: 54 | D93: =+$B$15+54% -> 15.205 | E93: =+$B$16 -> 1 | G93: =+$B$20 -> 0 | K93: =25%*($B$17="ON") -> 0.25 | L93: =SUM(D93:K93) -> 16.455 | M93: =+B93*L93 -> 32580900
A94: M7 Ranged | B94: 870000 | C94: 43 | D94: =+$B$15+54% -> 15.205 | E94: =+$B$16 -> 1 | I94: =+$B$22 -> 0 | K94: =25%*($B$17="ON") -> 0.25 | L94: =SUM(D94:K94) -> 16.455 | M94: =+B94*L94 -> 14315850
A95: M7 Melee | B95: 930000 | C95: 41 | D95: =+$B$15+54% -> 15.205 | E95: =+$B$16 -> 1 | J95: =+$B$23 -> 0 | K95: =25%*($B$17="ON") -> 0.25 | L95: =SUM(D95:K95) -> 16.455 | M95: =+B95*L95 -> 15303150
A96: M7 Mounted | B96: 840000 | C96: 41 | D96: =+$B$15+54% -> 15.205 | E96: =+$B$16 -> 1 | H96: =+$B$21 -> 0 | K96: =25%*($B$17="ON") -> 0.25 | L96: =SUM(D96:K96) -> 16.455 | M96: =+B96*L96 -> 13822200
A97: M7 Flyings | B97: 900000 | C97: 44 | D97: =+$B$15+54% -> 15.205 | E97: =+$B$16 -> 1 | G97: =+$B$20 -> 0 | K97: =25%*($B$17="ON") -> 0.25 | L97: =SUM(D97:K97) -> 16.455 | M97: =+B97*L97 -> 14809500
A98: M6 Dragon Melee | B98: 360000 | C98: 33 | D98: =+$B$15+54% -> 15.205 | E98: =+$B$16 -> 1 | J98: =+$B$23 -> 0 | K98: =25%*($B$17="ON") -> 0.25 | L98: =SUM(D98:K98) -> 16.455 | M98: =+B98*L98 -> 5923800
A99: M6 Jungle Melee | B99: 390000 | C99: 34 | D99: =+$B$15+54% -> 15.205 | E99: =+$B$16 -> 1 | J99: =+$B$23 -> 0 | K99: =25%*($B$17="ON") -> 0.25 | L99: =SUM(D99:K99) -> 16.455 | M99: =+B99*L99 -> 6417450
A100: M6 Golem Melee | B100: 390000 | C100: 35 | D100: =+$B$15+54% -> 15.205 | E100: =+$B$16 -> 1 | J100: =+$B$23 -> 0 | K100: =25%*($B$17="ON") -> 0.25 | L100: =SUM(D100:K100) -> 16.455 | M100: =+B100*L100 -> 6417450
A101: M6 Mounted | B101: 330000 | C101: 30 | D101: =+$B$15+54% -> 15.205 | E101: =+$B$16 -> 1 | H101: =+$B$21 -> 0 | K101: =25%*($B$17="ON") -> 0.25 | L101: =SUM(D101:K101) -> 16.455 | M101: =+B101*L101 -> 5430150
A102: M5 Ettin Melee | B102: 144000 | C102: 23 | D102: =+$B$15+54% -> 15.205 | E102: =+$B$16 -> 1 | J102: =+$B$23 -> 0 | K102: =25%*($B$17="ON") -> 0.25 | L102: =SUM(D102:K102) -> 16.455 | M102: =+B102*L102 -> 2369520
A103: M5 Desert Mounted | B103: 126000 | C103: 20 | D103: =+$B$15+54% -> 15.205 | E103: =+$B$16 -> 1 | H103: =+$B$21 -> 0 | K103: =25%*($B$17="ON") -> 0.25 | L103: =SUM(D103:K103) -> 16.455 | M103: =+B103*L103 -> 2073330
...

Sheet Calcs
A1: INPUTS | C1: Aratilar | D1: Aradin | E1: Troidor | G1: Choose Opponent | H1: CP
B2: 3 | C2: 1 | D2: 2 | E2: 3
A3: Customization Bonus | B3: =+CHOOSE($B$2,C3,D3,E3) -> 0.175 | C3: 0.45 | E3: 0.175
A4: Talents (Troop Type) | B4: =+CHOOSE($B$2,C4,D4,E4) -> 2.5 | C4: 2.5 | E4: 2.5 | G4: Target Leadership: | H4: 227000
A5: Talents (G/S) | B5: =+CHOOSE($B$2,C5,D5,E5) -> 1.5 | C5: 1.5 | E5: 1.5 | G5: Calculated Leadership: | H5: =+C60 -> 223440 | I5: =+H4-H5 -> 3560
A6: Hall of Fame | B6: =+CHOOSE($B$2,C6,D6,E6) -> 1.2 | C6: 1.825 | E6: 1.2 | G6: Target Dominance: | H6: 161768
A7: Army Mod | B7: =+CHOOSE($B$2,C7,D7,E7) -> 3.1 | C7: 2.91 | E7: =31%+50%+60%+70%+80%+19% -> 3.1 | G7: Calculated Dominance: | H7: =+I60 -> 58200
A8: Health of Captain (Army) | B8: =+CHOOSE($B$2,C8,D8,E8) -> 0 | C8: 4.27 | E8: 0 | G8: Stacks | H8: =+MAX(A63:A85) -> 12
A9: Health of Artifact | B9: =+CHOOSE($B$2,C9,D9,E9) -> 0 | C9: =240%+87% -> 3.27 | E9: 0 | G9: Max Stack Level | H9: =+MAX(E63:E85) -> 9
A10: Health of Equipment | B10: =+CHOOSE($B$2,C10,D10,E10) -> 3 | C10: 2.8 | E10: 3 | G10: Stacks lvl 1 | H10: =+COUNTIF($E$63:$E$85,$H$9) -> 4 | I10: =+H10/1 -> 4
A11: Dragon | B11: =+CHOOSE($B$2,C11,D11,E11) -> 1.6 | C11: 1.6 | E11: 1.6 | G11: Stacks lvl 2 | H11: =+COUNTIF($E$63:$E$85,$H$9-1) -> 8 | I11: =+H11/J14 -> 14.405229
A12: VIP | B12: =+CHOOSE($B$2,C12,D12,E12) -> 0.09 | C12: 0.2 | E12: 0.09 | G12: Stacks lvl 3 | H12: =+COUNTIF($E$63:$E$85,$H$9-2) -> 0 | I12: =+H12/J15 -> 0
A13: Clan Capital | B13: =+CHOOSE($B$2,C13,D13,E13) -> 1 | C13: 1 | E13: 1 | G13: Stack lvl 1 % | H13: =+I10/SUM($I$10:$I$12) -> 0.21732955 | I13: =+IFERROR(H13/H10,"") -> 0.054332386 | J13: 1 | K13: =+SUMIF('Base Data'!$N$26:$N$57,$H$9,'Base Data'!$P$26:$P$57)/4 -> 1
A14: Clan Army Health Bonus | B14: =+CHOOSE($B$2,C14,D14,E14) -> 0.25 | C14: 0.25 | E14: 0.25 | G14: Stack lvl 2 % | H14: =+I11/SUM($I$10:$I$12) -> 0.78267045 | I14: =+IFERROR(H14/H11,"") -> 0.097833807 | J14: =+K14/$K$13 -> 0.5553539 | K14: =+SUMIF('Base Data'!$N$26:$N$57,$H$9-1,'Base Data'!$P$26:$P$57)/4 -> 0.5553539
A15: Personal Bonuses | B15: =+CHOOSE($B$2,C15,D15,E15) -> 0.25 | C15: 0.25 | E15: 0.25 | G15: Stack lvl 3 % | H15: =+I12/SUM($I$10:$I$12) -> 0 | I15: =+IFERROR(H15/H12,"") | J15: =+K15/$K$13 -> 0.30852995 | K15: =+SUMIF('Base Data'!$N$26:$N$57,$H$9-2,'Base Data'!$P$26:$P$57)/4 -> 0.30852995
A16: Total Bonus | B16: =+CHOOSE($B$2,C16,D16,E16) -> 14.665 | C16: =SUM(C3:C15) -> 22.825 | D16: =SUM(D3:D15) -> 0 | E16: =SUM(E3:E15) -> 14.665 | G16: Number of Stacks Active | H16: =+COUNTIF($H$10:$H$12,"<>0") -> 2 | I16: =+IF(E63=$H$9,1,IF(H9-E63=1,2,3)) -> 2
A17: Beasts Bonus (Talents) | B17: =+CHOOSE($B$2,C17,D17,E17) -> 1 | C17: 1 | E17: 1 | G17: Target Max Stack Health Troops | H17: =+H4*F63/G63*CHOOSE(H16,I13,I14,I15)*IF(E63=H9-H16+1,1,IF(E63=H9-H16+2,0.55,0.3025)) -> 3.0611374e+09
A18: Great Marshal | B18: =+CHOOSE($B$2,C18,D18,E18) -> ON | C18: ON | E18: ON
A19: Captain Bonus for Guardsmen | B19: =+CHOOSE($B$2,C19,D19,E19) -> 0 | C19: 0 | E19: 0 | G19: Error Check | H19: =+IF(SUM(K63:K85)>0,"Error","All OK") -> All OK
A20: Captain Bonus for Specialits | B20: =+CHOOSE($B$2,C20,D20,E20) -> 0 | C20: 0 | E20: 0 | P20: 384
A21: Captain Bonus for Flyings | B21: =+CHOOSE($B$2,C21,D21,E21) -> 0 | C21: =380%+280%+3*128% -> 10.44 | E21: 0 | G21: Rounding | H21: -1 | I21: Flyings Step | J21: =+IF(E21>0,$H$24,$H$23) -> 0.0001 | P21: 380
A22: Captain Bonus for Mounted | B22: =+CHOOSE($B$2,C22,D22,E22) -> 0 | C22: 0 | E22: 0 | G22: Monsters Step | H22: 0.0001 | I22: Mounted Step | J22: =+IF(E22>0,$H$24,$H$23) -> 0.0001 | P22: 280
A23: Captain Bonus for Ranged | B23: =+CHOOSE($B$2,C23,D23,E23) -> 0 | C23: 0 | E23: 0 | G23: Troops Step | H23: 0.0001 | I23: Ranged Step | J23: =+IF(E23>0,$H$24,$H$23) -> 0.0001 | P23: 261
A24: Captain Bonus for Melee | B24: =+CHOOSE($B$2,C24,D24,E24) -> 0 | C24: 0 | E24: 0 | G24: Adjusted Step | H24: 0.01 | I24: Melee Step | J24: =+IF(E24>0,$H$24,$H$23) -> 0.0001 | P24: =SUM(P20:P23) -> 1305
A26: Normal Troops | B26: Army | C26: Leadership | D26: Actual Rank | G26: Monsters | H26: Army | I26: Dominance | J26: Actual Rank
A27: G9 Flyings | B27: =+SUMIF($B$63:$B$85,A27,$C$63:$C$85) -> 600 | C27: =+SUMIF($B$63:$B$85,A27,$D$63:$D$85) -> 12000 | D27: =+SUMIF($B$63:$B$85,A27,$J$63:$J$85) -> 10 | E27: =+B27*10 -> 6000 | G27: M9 Ranged | H27: =+SUMIF($B$89:$B$111,G27,$C$89:$C$111) -> 40 | I27: =+SUMIF($B$89:$B$111,G27,$D$89:$D$111) -> 2080 | J27: =+SUMIF($B$89:$B$111,G27,$J$89:$J$111) -> 12
A28: S9 Flyings | B28: =+SUMIF($B$63:$B$85,A28,$C$63:$C$85) -> 0 | C28: =+SUMIF($B$63:$B$85,A28,$D$63:$D$85) -> 0 | D28: =+SUMIF($B$63:$B$85,A28,$J$63:$J$85) -> 0 | E28: =+B28*10 -> 0 | G28: M9 Melee | H28: =+SUMIF($B$89:$B$111,G28,$C$89:$C$111) -> 40 | I28: =+SUMIF($B$89:$B$111,G28,$D$89:$D$111) -> 2200 | J28: =+SUMIF($B$89:$B$111,G28,$J$89:$J$111) -> 9 | O28: =16/7.5 -> 2.1333333
A29: G8 Flyings | B29: =+SUMIF($B$63:$B$85,A29,$C$63:$C$85) -> 1100 | C29: =+SUMIF($B$63:$B$85,A29,$D$63:$D$85) -> 22000 | D29: =+SUMIF($B$63:$B$85,A29,$J$63:$J$85) -> 6 | E29: =+B29*10 -> 11000 | G29: M9 Mounted | H29: =+SUMIF($B$89:$B$111,G29,$C$89:$C$111) -> 40 | I29: =+SUMIF($B$89:$B$111,G29,$D$89:$D$111) -> 2120 | J29: =+SUMIF($B$89:$B$111,G29,$J$89:$J$111) -> 11
A30: S8 Flyings | B30: =+SUMIF($B$63:$B$85,A30,$C$63:$C$85) -> 1010 | C30: =+SUMIF($B$63:$B$85,A30,$D$63:$D$85) -> 20200 | D30: =+SUMIF($B$63:$B$85,A30,$J$63:$J$85) -> 12 | E30: =+B30*10 -> 10100 | G30: M9 Flyings | H30: =+SUMIF($B$89:$B$111,G30,$C$89:$C$111) -> 40 | I30: =+SUMIF($B$89:$B$111,G30,$D$89:$D$111) -> 2160 | J30: =+SUMIF($B$89:$B$111,G30,$J$89:$J$111) -> 10
A31: G7 Flyings | B31: =+SUMIF($B$63:$B$85,A31,$C$63:$C$85) -> 0 | C31: =+SUMIF($B$63:$B$85,A31,$D$63:$D$85) -> 0 | D31: =+SUMIF($B$63:$B$85,A31,$J$63:$J$85) -> 0 | E31: =+B31*10 -> 0 | G31: M8 Ranged | H31: =+SUMIF($B$89:$B$111,G31,$C$89:$C$111) -> 80 | I31: =+SUMIF($B$89:$B$111,G31,$D$89:$D$111) -> 4160 | J31: =+SUMIF($B$89:$B$111,G31,$J$89:$J$111) -> 8
A32: S7 Flyings | B32: =+SUMIF($B$63:$B$85,A32,$C$63:$C$85) -> 0 | C32: =+SUMIF($B$63:$B$85,A32,$D$63:$D$85) -> 0 | D32: =+SUMIF($B$63:$B$85,A32,$J$63:$J$85) -> 0 | E32: =+B32*10 -> 0 | G32: M8 Melee | H32: =+SUMIF($B$89:$B$111,G32,$C$89:$C$111) -> 80 | I32: =+SUMIF($B$89:$B$111,G32,$D$89:$D$111) -> 4400 | J32: =+SUMIF($B$89:$B$111,G32,$J$89:$J$111) -> 5
A33: G6 Flyings | B33: =+SUMIF($B$63:$B$85,A33,$C$63:$C$85) -> 0 | C33: =+SUMIF($B$63:$B$85,A33,$D$63:$D$85) -> 0 | D33: =+SUMIF($B$63:$B$85,A33,$J$63:$J$85) -> 0 | E33: =+B33*10 -> 0 | G33: M8 Mounted | H33: =+SUMIF($B$89:$B$111,G33,$C$89:$C$111) -> 80 | I33: =+SUMIF($B$89:$B$111,G33,$D$89:$D$111) -> 4240 | J33: =+SUMIF($B$89:$B$111,G33,$J$89:$J$111) -> 7
A34: G5 Flyings | B34: =+SUMIF($B$63:$B$85,A34,$C$63:$C$85) -> 0 | C34: =+SUMIF($B$63:$B$85,A34,$D$63:$D$85) -> 0 | D34: =+SUMIF($B$63:$B$85,A34,$J$63:$J$85) -> 0 | E34: =+B34*10 -> 0 | G34: M8 Flyings | H34: =+SUMIF($B$89:$B$111,G34,$C$89:$C$111) -> 80 | I34: =+SUMIF($B$89:$B$111,G34,$D$89:$D$111) -> 4320 | J34: =+SUMIF($B$89:$B$111,G34,$J$89:$J$111) -> 6
A35: G9 Mounted | B35: =+SUMIF($B$63:$B$85,A35,$C$63:$C$85) -> 6100 | C35: =+SUMIF($B$63:$B$85,A35,$D$63:$D$85) -> 12200 | D35: =+SUMIF($B$63:$B$85,A35,$J$63:$J$85) -> 9 | E35: =+B35*10 -> 61000 | G35: M7 Ranged | H35: =+SUMIF($B$89:$B$111,G35,$C$89:$C$111) -> 190 | I35: =+SUMIF($B$89:$B$111,G35,$D$89:$D$111) -> 8170 | J35: =+SUMIF($B$89:$B$111,G35,$J$89:$J$111) -> 4
A36: S9 Mounted | B36: =+SUMIF($B$63:$B$85,A36,$C$63:$C$85) -> 0 | C36: =+SUMIF($B$63:$B$85,A36,$D$63:$D$85) -> 0 | D36: =+SUMIF($B$63:$B$85,A36,$J$63:$J$85) -> 0 | E36: =+B36*10 -> 0 | G36: M7 Melee | H36: =+SUMIF($B$89:$B$111,G36,$C$89:$C$111) -> 190 | I36: =+SUMIF($B$89:$B$111,G36,$D$89:$D$111) -> 7790 | J36: =+SUMIF($B$89:$B$111,G36,$J$89:$J$111) -> 1
A37: G8 Mounted | B37: =+SUMIF($B$63:$B$85,A37,$C$63:$C$85) -> 11070 | C37: =+SUMIF($B$63:$B$85,A37,$D$63:$D$85) -> 22140 | D37: =+SUMIF($B$63:$B$85,A37,$J$63:$J$85) -> 5 | E37: =+B37*10 -> 110700 | G37: M7 Mounted | H37: =+SUMIF($B$89:$B$111,G37,$C$89:$C$111) -> 200 | I37: =+SUMIF($B$89:$B$111,G37,$D$89:$D$111) -> 8200 | J37: =+SUMIF($B$89:$B$111,G37,$J$89:$J$111) -> 3
A38: S8 Mounted | B38: =+SUMIF($B$63:$B$85,A38,$C$63:$C$85) -> 11090 | C38: =+SUMIF($B$63:$B$85,A38,$D$63:$D$85) -> 22180 | D38: =+SUMIF($B$63:$B$85,A38,$J$63:$J$85) -> 2 | E38: =+B38*10 -> 110900 | G38: M7 Flyings | H38: =+SUMIF($B$89:$B$111,G38,$C$89:$C$111) -> 190 | I38: =+SUMIF($B$89:$B$111,G38,$D$89:$D$111) -> 8360 | J38: =+SUMIF($B$89:$B$111,G38,$J$89:$J$111) -> 2
A39: G7 Mounted | B39: =+SUMIF($B$63:$B$85,A39,$C$63:$C$85) -> 0 | C39: =+SUMIF($B$63:$B$85,A39,$D$63:$D$85) -> 0 | D39: =+SUMIF($B$63:$B$85,A39,$J$63:$J$85) -> 0 | E39: =+B39*10 -> 0
A40: S7 Mounted | B40: =+SUMIF($B$63:$B$85,A40,$C$63:$C$85) -> 0 | C40: =+SUMIF($B$63:$B$85,A40,$D$63:$D$85) -> 0 | D40: =+SUMIF($B$63:$B$85,A40,$J$63:$J$85) -> 0 | E40: =+B40*10 -> 0
A41: G6 Mounted | B41: =+SUMIF($B$63:$B$85,A41,$C$63:$C$85) -> 0 | C41: =+SUMIF($B$63:$B$85,A41,$D$63:$D$85) -> 0 | D41: =+SUMIF($B$63:$B$85,A41,$J$63:$J$85) -> 0 | E41: =+B41*10 -> 0
A42: G5 Mounted | B42: =+SUMIF($B$63:$B$85,A42,$C$63:$C$85) -> 0 | C42: =+SUMIF($B$63:$B$85,A42,$D$63:$D$85) -> 0 | D42: =+SUMIF($B$63:$B$85,A42,$J$63:$J$85) -> 0 | E42: =+B42*10 -> 0
A43: G9 Ranged | B43: =+SUMIF($B$63:$B$85,A43,$C$63:$C$85) -> 11990 | C43: =+SUMIF($B$63:$B$85,A43,$D$63:$D$85) -> 11990 | D43: =+SUMIF($B$63:$B$85,A43,$J$63:$J$85) -> 11 | E43: =+B43*10 -> 119900
A44: G9 Melee | B44: =+SUMIF($B$63:$B$85,A44,$C$63:$C$85) -> 12210 | C44: =+SUMIF($B$63:$B$85,A44,$D$63:$D$85) -> 12210 | D44: =+SUMIF($B$63:$B$85,A44,$J$63:$J$85) -> 8 | E44: =+B44*10 -> 122100
A45: S9 Ranged | B45: =+SUMIF($B$63:$B$85,A45,$C$63:$C$85) -> 0 | C45: =+SUMIF($B$63:$B$85,A45,$D$63:$D$85) -> 0 | D45: =+SUMIF($B$63:$B$85,A45,$J$63:$J$85) -> 0 | E45: =+B45*10 -> 0
A46: S9 Melee | B46: =+SUMIF($B$63:$B$85,A46,$C$63:$C$85) -> 0 | C46: =+SUMIF($B$63:$B$85,A46,$D$63:$D$85) -> 0 | D46: =+SUMIF($B$63:$B$85,A46,$J$63:$J$85) -> 0 | E46: =+B46*10 -> 0
A47: G8 Ranged | B47: =+SUMIF($B$63:$B$85,A47,$C$63:$C$85) -> 21990 | C47: =+SUMIF($B$63:$B$85,A47,$D$63:$D$85) -> 21990 | D47: =+SUMIF($B$63:$B$85,A47,$J$63:$J$85) -> 7 | E47: =+B47*10 -> 219900
A48: G8 Melee | B48: =+SUMIF($B$63:$B$85,A48,$C$63:$C$85) -> 22160 | C48: =+SUMIF($B$63:$B$85,A48,$D$63:$D$85) -> 22160 | D48: =+SUMIF($B$63:$B$85,A48,$J$63:$J$85) -> 4 | E48: =+B48*10 -> 221600
A49: S8 Ranged | B49: =+SUMIF($B$63:$B$85,A49,$C$63:$C$85) -> 22170 | C49: =+SUMIF($B$63:$B$85,A49,$D$63:$D$85) -> 22170 | D49: =+SUMIF($B$63:$B$85,A49,$J$63:$J$85) -> 3 | E49: =+B49*10 -> 221700
A50: S8 Melee | B50: =+SUMIF($B$63:$B$85,A50,$C$63:$C$85) -> 22200 | C50: =+SUMIF($B$63:$B$85,A50,$D$63:$D$85) -> 22200 | D50: =+SUMIF($B$63:$B$85,A50,$J$63:$J$85) -> 1 | E50: =+B50*10 -> 222000
... A58: G5 Melee | B58: =+SUMIF($B$63:$B$85,A58,$C$63:$C$85) -> 0 | C58: =+SUMIF($B$63:$B$85,A58,$D$63:$D$85) -> 0 | D58: =+SUMIF($B$63:$B$85,A58,$J$63:$J$85) -> 0 | E58: =+B58*10 -> 0
A60: Total | B60: =SUM(B27:B59) -> 143690 | C60: =SUM(C27:C59) -> 223440 | G60: Total | H60: =SUM(H27:H59) -> 1250 | I60: =SUM(I27:I59) -> 58200 | M60: Active Case | O60: Ancient | P60: Arachne | Q60: CP | R60: Aratilar | S60: Arradin
M61: 1 | O61: 1 | P61: 2 | Q61: 3 | R61: 4 | S61: 5
A62: Normal Troops | C62: Army | D62: Leadership | E62: Troop Level | F62: Health per Troop | G62: Leadership per Active Troop | H62: Target Health per Stack | I62: Actual Health per Stack | J62: Actual Rank | L62: Step | M62: Normal Troops
A63: 1 | B63: =+M63 -> S8 Melee | C63: =+IFERROR(ROUNDDOWN(H63/F63,$H$21),"") -> 22200 | D63: =+IFERROR(C63*G63,"") -> 22200 | E63: =+SUMIF('Base Data'!$A:$A,B63,'Base Data'!N:N) -> 8 | F63: =+SUMIF('Base Data'!$A:$A,B63,'Base Data'!M:M) -> 137837.7 | G63: =+SUMIF('Base Data'!A:A,B63,'Base Data'!C:C) -> 1 | H63: =+IF(A63=0,"",IF(A63=1,$H$17,I62*(1-$H$23))) -> 3.0611374e+09 | I63: =+IFERROR(C63*F63,"") -> 3.0599969e+09 | J63: =+IFERROR(RANK(I63,$I$63:$I$78),"") -> 1 | K63: =+IF(OR(J63=A63,J63=""),"",1) | L63: =+IF(ISNUMBER(SEARCH("Flyings",B63)),$J$21,IF(ISNUMBER(SEARCH("Mounted",B63)),$J$22,IF(ISNUMBER(SEARCH("Ranged",B63)),$J$23,$J$24))) -> 0.0001 | M63: =+CHOOSE($M$61,O63,P63,Q63,R63,S63,T63) -> S8 Melee | O63: S8 Melee | P63: G9 Mounted | Q63: G9 Melee | R63: S8 Melee | S63: G7 Melee
A64: =+IF(B64<>0,A63+1,0) -> 2 | B64: =+M64 -> S8 Mounted | C64: =+IFERROR(ROUNDDOWN(H64/F64,$H$21),"") -> 11090 | D64: =+IFERROR(C64*G64,"") -> 22180 | E64: =+SUMIF('Base Data'!$A:$A,B64,'Base Data'!N:N) -> 8 | F64: =+SUMIF('Base Data'!$A:$A,B64,'Base Data'!M:M) -> 275675.4 | G64: =+SUMIF('Base Data'!A:A,B64,'Base Data'!C:C) -> 2 | H64: =+IF(A64=0,"",IF(A64=1,$H$17,I63*(1-L63))) -> 3.0596909e+09 | I64: =+IFERROR(C64*F64,"") -> 3.0572402e+09 | J64: =+IFERROR(RANK(I64,$I$63:$I$78),"") -> 2 | K64: =+IF(OR(J64=A64,J64=""),"",1) | L64: =+IF(ISNUMBER(SEARCH("Flyings",B64)),$J$21,IF(ISNUMBER(SEARCH("Mounted",B64)),$J$22,IF(ISNUMBER(SEARCH("Ranged",B64)),$J$23,$J$24))) -> 0.0001 | M64: =+CHOOSE($M$61,O64,P64,Q64,R64,S64,T64) -> S8 Mounted | O64: S8 Mounted | P64: G9 Ranged | Q64: G9 Mounted | R64: S8 Mounted | S64: G7 Mounted
A65: =+IF(B65<>0,A64+1,0) -> 3 | B65: =+M65 -> S8 Ranged | C65: =+IFERROR(ROUNDDOWN(H65/F65,$H$21),"") -> 22170 | D65: =+IFERROR(C65*G65,"") -> 22170 | E65: =+SUMIF('Base Data'!$A:$A,B65,'Base Data'!N:N) -> 8 | F65: =+SUMIF('Base Data'!$A:$A,B65,'Base Data'!M:M) -> 137837.7 | G65: =+SUMIF('Base Data'!A:A,B65,'Base Data'!C:C) -> 1 | H65: =+IF(A65=0,"",IF(A65=1,$H$17,I64*(1-L64))) -> 3.0569345e+09 | I65: =+IFERROR(C65*F65,"") -> 3.0558618e+09 | J65: =+IFERROR(RANK(I65,$I$63:$I$78),"") -> 3 | K65: =+IF(OR(J65=A65,J65=""),"",1) | L65: =+IF(ISNUMBER(SEARCH("Flyings",B65)),$J$21,IF(ISNUMBER(SEARCH("Mounted",B65)),$J$22,IF(ISNUMBER(SEARCH("Ranged",B65)),$J$23,$J$24))) -> 0.0001 | M65: =+CHOOSE($M$61,O65,P65,Q65,R65,S65,T65) -> S8 Ranged | O65: S8 Ranged | P65: G9 Flyings | Q65: G9 Ranged | R65: S8 Ranged | S65: G7 Flyings
A66: =+IF(B66<>0,A65+1,0) -> 4 | B66: =+M66 -> G8 Melee | C66: =+IFERROR(ROUNDDOWN(H66/F66,$H$21),"") -> 22160 | D66: =+IFERROR(C66*G66,"") -> 22160 | E66: =+SUMIF('Base Data'!$A:$A,B66,'Base Data'!N:N) -> 8 | F66: =+SUMIF('Base Data'!$A:$A,B66,'Base Data'!M:M) -> 137837.7 | G66: =+SUMIF('Base Data'!A:A,B66,'Base Data'!C:C) -> 1 | H66: =+IF(A66=0,"",IF(A66=1,$H$17,I65*(1-L65))) -> 3.0555562e+09 | I66: =+IFERROR(C66*F66,"") -> 3.0544834e+09 | J66: =+IFERROR(RANK(I66,$I$63:$I$78),"") -> 4 | K66: =+IF(OR(J66=A66,J66=""),"",1) | L66: =+IF(ISNUMBER(SEARCH("Flyings",B66)),$J$21,IF(ISNUMBER(SEARCH("Mounted",B66)),$J$22,IF(ISNUMBER(SEARCH("Ranged",B66)),$J$23,$J$24))) -> 0.0001 | M66: =+CHOOSE($M$61,O66,P66,Q66,R66,S66,T66) -> G8 Melee | O66: G8 Melee | P66: S8 Ranged | Q66: G8 Ranged | R66: G8 Melee | S66: G7 Ranged
A67: =+IF(B67<>0,A66+1,0) -> 5 | B67: =+M67 -> G8 Mounted | C67: =+IFERROR(ROUNDDOWN(H67/F67,$H$21),"") -> 11070 | D67: =+IFERROR(C67*G67,"") -> 22140 | E67: =+SUMIF('Base Data'!$A:$A,B67,'Base Data'!N:N) -> 8 | F67: =+SUMIF('Base Data'!$A:$A,B67,'Base Data'!M:M) -> 275675.4 | G67: =+SUMIF('Base Data'!A:A,B67,'Base Data'!C:C) -> 2 | H67: =+IF(A67=0,"",IF(A67=1,$H$17,I66*(1-L66))) -> 3.054178e+09 | I67: =+IFERROR(C67*F67,"") -> 3.0517267e+09 | J67: =+IFERROR(RANK(I67,$I$63:$I$78),"") -> 5 | K67: =+IF(OR(J67=A67,J67=""),"",1) | L67: =+IF(ISNUMBER(SEARCH("Flyings",B67)),$J$21,IF(ISNUMBER(SEARCH("Mounted",B67)),$J$22,IF(ISNUMBER(SEARCH("Ranged",B67)),$J$23,$J$24))) -> 0.0001 | M67: =+CHOOSE($M$61,O67,P67,Q67,R67,S67,T67) -> G8 Mounted | O67: G8 Mounted | P67: S8 Flyings | Q67: G9 Flyings | R67: G8 Mounted | S67: S8 Melee
A68: =+IF(B68<>0,A67+1,0) -> 6 | B68: =+M68 -> G8 Flyings | C68: =+IFERROR(ROUNDDOWN(H68/F68,$H$21),"") -> 1100 | D68: =+IFERROR(C68*G68,"") -> 22000 | E68: =+SUMIF('Base Data'!$A:$A,B68,'Base Data'!N:N) -> 8 | F68: =+SUMIF('Base Data'!$A:$A,B68,'Base Data'!M:M) -> 2756754 | G68: =+SUMIF('Base Data'!A:A,B68,'Base Data'!C:C) -> 20 | H68: =+IF(A68=0,"",IF(A68=1,$H$17,I67*(1-L67))) -> 3.0514215e+09 | I68: =+IFERROR(C68*F68,"") -> 3032429400 | J68: =+IFERROR(RANK(I68,$I$63:$I$78),"") -> 6 | K68: =+IF(OR(J68=A68,J68=""),"",1) | L68: =+IF(ISNUMBER(SEARCH("Flyings",B68)),$J$21,IF(ISNUMBER(SEARCH("Mounted",B68)),$J$22,IF(ISNUMBER(SEARCH("Ranged",B68)),$J$23,$J$24))) -> 0.0001 | M68: =+CHOOSE($M$61,O68,P68,Q68,R68,S68,T68) -> G8 Flyings | O68: G8 Flyings | P68: G2 Mounted | Q68: S8 Melee | R68: G8 Flyings | S68: S8 Mounted
A69: =+IF(B69<>0,A68+1,0) -> 7 | B69: =+M69 -> G8 Ranged | C69: =+IFERROR(ROUNDDOWN(H69/F69,$H$21),"") -> 21990 | D69: =+IFERROR(C69*G69,"") -> 21990 | E69: =+SUMIF('Base Data'!$A:$A,B69,'Base Data'!N:N) -> 8 | F69: =+SUMIF('Base Data'!$A:$A,B69,'Base Data'!M:M) -> 137837.7 | G69: =+SUMIF('Base Data'!A:A,B69,'Base Data'!C:C) -> 1 | H69: =+IF(A69=0,"",IF(A69=1,$H$17,I68*(1-L68))) -> 3.0321262e+09 | I69: =+IFERROR(C69*F69,"") -> 3.031051e+09 | J69: =+IFERROR(RANK(I69,$I$63:$I$78),"") -> 7 | K69: =+IF(OR(J69=A69,J69=""),"",1) | L69: =+IF(ISNUMBER(SEARCH("Flyings",B69)),$J$21,IF(ISNUMBER(SEARCH("Mounted",B69)),$J$22,IF(ISNUMBER(SEARCH("Ranged",B69)),$J$23,$J$24))) -> 0.0001 | M69: =+CHOOSE($M$61,O69,P69,Q69,R69,S69,T69) -> G8 Ranged | O69: G8 Ranged | Q69: S8 Mounted | R69: G8 Ranged | S69: S8 Ranged
A70: =+IF(B70<>0,A69+1,0) -> 8 | B70: =+M70 -> G9 Melee | C70: =+IFERROR(ROUNDDOWN(H70/F70,$H$21),"") -> 12210 | D70: =+IFERROR(C70*G70,"") -> 12210 | E70: =+SUMIF('Base Data'!$A:$A,B70,'Base Data'!N:N) -> 9 | F70: =+SUMIF('Base Data'!$A:$A,B70,'Base Data'!M:M) -> 248197.95 | G70: =+SUMIF('Base Data'!A:A,B70,'Base Data'!C:C) -> 1 | H70: =+IF(A70=0,"",IF(A70=1,$H$17,I69*(1-L69))) -> 3.0307479e+09 | I70: =+IFERROR(C70*F70,"") -> 3.030497e+09 | J70: =+IFERROR(RANK(I70,$I$63:$I$78),"") -> 8 | K70: =+IF(OR(J70=A70,J70=""),"",1) | L70: =+IF(ISNUMBER(SEARCH("Flyings",B70)),$J$21,IF(ISNUMBER(SEARCH("Mounted",B70)),$J$22,IF(ISNUMBER(SEARCH("Ranged",B70)),$J$23,$J$24))) -> 0.0001 | M70: =+CHOOSE($M$61,O70,P70,Q70,R70,S70,T70) -> G9 Melee | O70: G9 Melee | Q70: S8 Ranged | R70: S9 Melee | S70: G8 Melee
A71: =+IF(B71<>0,A70+1,0) -> 9 | B71: =+M71 -> G9 Mounted | C71: =+IFERROR(ROUNDDOWN(H71/F71,$H$21),"") -> 6100 | D71: =+IFERROR(C71*G71,"") -> 12200 | E71: =+SUMIF('Base Data'!$A:$A,B71,'Base Data'!N:N) -> 9 | F71: =+SUMIF('Base Data'!$A:$A,B71,'Base Data'!M:M) -> 496395.9 | G71: =+SUMIF('Base Data'!A:A,B71,'Base Data'!C:C) -> 2 | H71: =+IF(A71=0,"",IF(A71=1,$H$17,I70*(1-L70))) -> 3.0301939e+09 | I71: =+IFERROR(C71*F71,"") -> 3028014990 | J71: =+IFERROR(RANK(I71,$I$63:$I$78),"") -> 9 | K71: =+IF(OR(J71=A71,J71=""),"",1) | L71: =+IF(ISNUMBER(SEARCH("Flyings",B71)),$J$21,IF(ISNUMBER(SEARCH("Mounted",B71)),$J$22,IF(ISNUMBER(SEARCH("Ranged",B71)),$J$23,$J$24))) -> 0.0001 | M71: =+CHOOSE($M$61,O71,P71,Q71,R71,S71,T71) -> G9 Mounted | O71: G9 Mounted | Q71: S8 Flyings | R71: S9 Mounted | S71: G8 Mounted
A72: =+IF(B72<>0,A71+1,0) -> 10 | B72: =+M72 -> G9 Flyings | C72: =+IFERROR(ROUNDDOWN(H72/F72,$H$21),"") -> 600 | D72: =+IFERROR(C72*G72,"") -> 12000 | E72: =+SUMIF('Base Data'!$A:$A,B72,'Base Data'!N:N) -> 9 | F72: =+SUMIF('Base Data'!$A:$A,B72,'Base Data'!M:M) -> 4963959 | G72: =+SUMIF('Base Data'!A:A,B72,'Base Data'!C:C) -> 20 | H72: =+IF(A72=0,"",IF(A72=1,$H$17,I71*(1-L71))) -> 3.0277122e+09 | I72: =+IFERROR(C72*F72,"") -> 2978375400 | J72: =+IFERROR(RANK(I72,$I$63:$I$78),"") -> 10 | K72: =+IF(OR(J72=A72,J72=""),"",1) | L72: =+IF(ISNUMBER(SEARCH("Flyings",B72)),$J$21,IF(ISNUMBER(SEARCH("Mounted",B72)),$J$22,IF(ISNUMBER(SEARCH("Ranged",B72)),$J$23,$J$24))) -> 0.0001 | M72: =+CHOOSE($M$61,O72,P72,Q72,R72,S72,T72) -> G9 Flyings | O72: G9 Flyings | R72: S9 Ranged | S72: G8 Flyings
A73: =+IF(B73<>0,A72+1,0) -> 11 | B73: =+M73 -> G9 Ranged | C73: =+IFERROR(ROUNDDOWN(H73/F73,$H$21),"") -> 11990 | D73: =+IFERROR(C73*G73,"") -> 11990 | E73: =+SUMIF('Base Data'!$A:$A,B73,'Base Data'!N:N) -> 9 | F73: =+SUMIF('Base Data'!$A:$A,B73,'Base Data'!M:M) -> 248197.95 | G73: =+SUMIF('Base Data'!A:A,B73,'Base Data'!C:C) -> 1 | H73: =+IF(A73=0,"",IF(A73=1,$H$17,I72*(1-L72))) -> 2.9780776e+09 | I73: =+IFERROR(C73*F73,"") -> 2.9758934e+09 | J73: =+IFERROR(RANK(I73,$I$63:$I$78),"") -> 11 | K73: =+IF(OR(J73=A73,J73=""),"",1) | L73: =+IF(ISNUMBER(SEARCH("Flyings",B73)),$J$21,IF(ISNUMBER(SEARCH("Mounted",B73)),$J$22,IF(ISNUMBER(SEARCH("Ranged",B73)),$J$23,$J$24))) -> 0.0001 | M73: =+CHOOSE($M$61,O73,P73,Q73,R73,S73,T73) -> G9 Ranged | O73: G9 Ranged | R73: G9 Melee | S73: G8 Ranged
A74: =+IF(B74<>0,A73+1,0) -> 12 | B74: =+M74 -> S8 Flyings | C74: =+IFERROR(ROUNDDOWN(H74/F74,$H$21),"") -> 1010 | D74: =+IFERROR(C74*G74,"") -> 20200 | E74: =+SUMIF('Base Data'!$A:$A,B74,'Base Data'!N:N) -> 8 | F74: =+SUMIF('Base Data'!$A:$A,B74,'Base Data'!M:M) -> 2940354 | G74: =+SUMIF('Base Data'!A:A,B74,'Base Data'!C:C) -> 20 | H74: =+IF(A74=0,"",IF(A74=1,$H$17,I73*(1-L73))) -> 2.9755958e+09 | I74: =+IFERROR(C74*F74,"") -> 2969757540 | J74: =+IFERROR(RANK(I74,$I$63:$I$78),"") -> 12 | K74: =+IF(OR(J74=A74,J74=""),"",1) | L74: =+IF(ISNUMBER(SEARCH("Flyings",B74)),$J$21,IF(ISNUMBER(SEARCH("Mounted",B74)),$J$22,IF(ISNUMBER(SEARCH("Ranged",B74)),$J$23,$J$24))) -> 0.0001 | M74: =+CHOOSE($M$61,O74,P74,Q74,R74,S74,T74) -> S8 Flyings | O74: S8 Flyings | R74: G9 Mounted | S74: S8 Flyings
A75: =+IF(B75<>0,A74+1,0) -> 0 | B75: =+M75 -> 0 | C75: =+IFERROR(ROUNDDOWN(H75/F75,$H$21),"") | D75: =+IFERROR(C75*G75,"") | E75: =+SUMIF('Base Data'!$A:$A,B75,'Base Data'!N:N) -> 0 | F75: =+SUMIF('Base Data'!$A:$A,B75,'Base Data'!M:M) -> 0 | G75: =+SUMIF('Base Data'!A:A,B75,'Base Data'!C:C) -> 0 | H75: =+IF(A75=0,"",IF(A75=1,$H$17,I74*(1-L74))) | I75: =+IFERROR(C75*F75,"") | J75: =+IFERROR(RANK(I75,$I$63:$I$78),"") | K75: =+IF(OR(J75=A75,J75=""),"",1) | L75: =+IF(ISNUMBER(SEARCH("Flyings",B75)),$J$21,IF(ISNUMBER(SEARCH("Mounted",B75)),$J$22,IF(ISNUMBER(SEARCH("Ranged",B75)),$J$23,$J$24))) -> 0.0001 | M75: =+CHOOSE($M$61,O75,P75,Q75,R75,S75,T75) -> 0 | R75: G9 Flyings
A76: =+IF(B76<>0,A75+1,0) -> 0 | B76: =+M76 -> 0 | C76: =+IFERROR(ROUNDDOWN(H76/F76,$H$21),"") | D76: =+IFERROR(C76*G76,"") | E76: =+SUMIF('Base Data'!$A:$A,B76,'Base Data'!N:N) -> 0 | F76: =+SUMIF('Base Data'!$A:$A,B76,'Base Data'!M:M) -> 0 | G76: =+SUMIF('Base Data'!A:A,B76,'Base Data'!C:C) -> 0 | H76: =+IF(A76=0,"",IF(A76=1,$H$17,I75*(1-L75))) | I76: =+IFERROR(C76*F76,"") | J76: =+IFERROR(RANK(I76,$I$63:$I$78),"") | K76: =+IF(OR(J76=A76,J76=""),"",1) | L76: =+IF(ISNUMBER(SEARCH("Flyings",B76)),$J$21,IF(ISNUMBER(SEARCH("Mounted",B76)),$J$22,IF(ISNUMBER(SEARCH("Ranged",B76)),$J$23,$J$24))) -> 0.0001 | M76: =+CHOOSE($M$61,O76,P76,Q76,R76,S76,T76) -> 0 | R76: G9 Ranged
A77: =+IF(B77<>0,A76+1,0) -> 0 | B77: =+M77 -> 0 | C77: =+IFERROR(ROUNDDOWN(H77/F77,$H$21),"") | D77: =+IFERROR(C77*G77,"") | E77: =+SUMIF('Base Data'!$A:$A,B77,'Base Data'!N:N) -> 0 | F77: =+SUMIF('Base Data'!$A:$A,B77,'Base Data'!M:M) -> 0 | G77: =+SUMIF('Base Data'!A:A,B77,'Base Data'!C:C) -> 0 | H77: =+IF(A77=0,"",IF(A77=1,$H$17,I76*(1-L76))) | I77: =+IFERROR(C77*F77,"") | J77: =+IFERROR(RANK(I77,$I$63:$I$78),"") | K77: =+IF(OR(J77=A77,J77=""),"",1) | L77: =+IF(ISNUMBER(SEARCH("Flyings",B77)),$J$21,IF(ISNUMBER(SEARCH("Mounted",B77)),$J$22,IF(ISNUMBER(SEARCH("Ranged",B77)),$J$23,$J$24))) -> 0.0001 | M77: =+CHOOSE($M$61,O77,P77,Q77,R77,S77,T77) -> 0 | R77: S8 Flyings
A78: =+IF(B78<>0,A77+1,0) -> 0 | B78: =+M78 -> 0 | C78: =+IFERROR(ROUNDDOWN(H78/F78,$H$21),"") | D78: =+IFERROR(C78*G78,"") | E78: =+SUMIF('Base Data'!$A:$A,B78,'Base Data'!N:N) -> 0 | F78: =+SUMIF('Base Data'!$A:$A,B78,'Base Data'!M:M) -> 0 | G78: =+SUMIF('Base Data'!A:A,B78,'Base Data'!C:C) -> 0 | H78: =+IF(A78=0,"",IF(A78=1,$H$17,I77*(1-L77))) | I78: =+IFERROR(C78*F78,"") | J78: =+IFERROR(RANK(I78,$I$63:$I$78),"") | K78: =+IF(OR(J78=A78,J78=""),"",1) | L78: =+IF(ISNUMBER(SEARCH("Flyings",B78)),$J$21,IF(ISNUMBER(SEARCH("Mounted",B78)),$J$22,IF(ISNUMBER(SEARCH("Ranged",B78)),$J$23,$J$24))) -> 0.0001 | M78: =+CHOOSE($M$61,O78,P78,Q78,R78,S78,T78) -> 0 | R78: S9 Flyings
A79: =+IF(B79<>0,A78+1,0) -> 0 | B79: =+M79 -> 0 | C79: =+IFERROR(ROUNDDOWN(H79/F79,$H$21),"") | D79: =+IFERROR(C79*G79,"") | E79: =+SUMIF('Base Data'!$A:$A,B79,'Base Data'!N:N) -> 0 | F79: =+SUMIF('Base Data'!$A:$A,B79,'Base Data'!M:M) -> 0 | G79: =+SUMIF('Base Data'!A:A,B79,'Base Data'!C:C) -> 0 | H79: =+IF(A79=0,"",IF(A79=1,$H$17,I78*(1-L78))) | I79: =+IFERROR(C79*F79,"") | J79: =+IFERROR(RANK(I79,$I$63:$I$78),"") | K79: =+IF(OR(J79=A79,J79=""),"",1) | L79: =+IF(ISNUMBER(SEARCH("Flyings",B79)),$J$21,IF(ISNUMBER(SEARCH("Mounted",B79)),$J$22,IF(ISNUMBER(SEARCH("Ranged",B79)),$J$23,$J$24))) -> 0.0001 | M79: =+CHOOSE($M$61,O79,P79,Q79,R79,S79,T79) -> 0
A80: =+IF(B80<>0,A79+1,0) -> 0 | B80: =+M80 -> 0 | C80: =+IFERROR(ROUNDDOWN(H80/F80,$H$21),"") | D80: =+IFERROR(C80*G80,"") | E80: =+SUMIF('Base Data'!$A:$A,B80,'Base Data'!N:N) -> 0 | F80: =+SUMIF('Base Data'!$A:$A,B80,'Base Data'!M:M) -> 0 | G80: =+SUMIF('Base Data'!A:A,B80,'Base Data'!C:C) -> 0 | H80: =+IF(A80=0,"",IF(A80=1,$H$17,I79*(1-L79))) | I80: =+IFERROR(C80*F80,"") | J80: =+IFERROR(RANK(I80,$I$63:$I$78),"") | K80: =+IF(OR(J80=A80,J80=""),"",1) | L80: =+IF(ISNUMBER(SEARCH("Flyings",B80)),$J$21,IF(ISNUMBER(SEARCH("Mounted",B80)),$J$22,IF(ISNUMBER(SEARCH("Ranged",B80)),$J$23,$J$24))) -> 0.0001 | M80: =+CHOOSE($M$61,O80,P80,Q80,R80,S80,T80) -> 0
A81: =+IF(B81<>0,A80+1,0) -> 0 | B81: =+M81 -> 0 | C81: =+IFERROR(ROUNDDOWN(H81/F81,$H$21),"") | D81: =+IFERROR(C81*G81,"") | E81: =+SUMIF('Base Data'!$A:$A,B81,'Base Data'!N:N) -> 0 | F81: =+SUMIF('Base Data'!$A:$A,B81,'Base Data'!M:M) -> 0 | G81: =+SUMIF('Base Data'!A:A,B81,'Base Data'!C:C) -> 0 | H81: =+IF(A81=0,"",IF(A81=1,$H$17,I80*(1-L80))) | I81: =+IFERROR(C81*F81,"") | J81: =+IFERROR(RANK(I81,$I$63:$I$78),"") | K81: =+IF(OR(J81=A81,J81=""),"",1) | L81: =+IF(ISNUMBER(SEARCH("Flyings",B81)),$J$21,IF(ISNUMBER(SEARCH("Mounted",B81)),$J$22,IF(ISNUMBER(SEARCH("Ranged",B81)),$J$23,$J$24))) -> 0.0001 | M81: =+CHOOSE($M$61,O81,P81,Q81,R81,S81,T81) -> 0
A82: =+IF(B82<>0,A81+1,0) -> 0 | B82: =+M82 -> 0 | C82: =+IFERROR(ROUNDDOWN(H82/F82,$H$21),"") | D82: =+IFERROR(C82*G82,"") | E82: =+SUMIF('Base Data'!$A:$A,B82,'Base Data'!N:N) -> 0 | F82: =+SUMIF('Base Data'!$A:$A,B82,'Base Data'!M:M) -> 0 | G82: =+SUMIF('Base Data'!A:A,B82,'Base Data'!C:C) -> 0 | H82: =+IF(A82=0,"",IF(A82=1,$H$17,I81*(1-L81))) | I82: =+IFERROR(C82*F82,"") | J82: =+IFERROR(RANK(I82,$I$63:$I$78),"") | K82: =+IF(OR(J82=A82,J82=""),"",1) | L82: =+IF(ISNUMBER(SEARCH("Flyings",B82)),$J$21,IF(ISNUMBER(SEARCH("Mounted",B82)),$J$22,IF(ISNUMBER(SEARCH("Ranged",B82)),$J$23,$J$24))) -> 0.0001 | M82: =+CHOOSE($M$61,O82,P82,Q82,R82,S82,T82) -> 0
A83: =+IF(B83<>0,A82+1,0) -> 0 | B83: =+M83 -> 0 | C83: =+IFERROR(ROUNDDOWN(H83/F83,$H$21),"") | D83: =+IFERROR(C83*G83,"") | E83: =+SUMIF('Base Data'!$A:$A,B83,'Base Data'!N:N) -> 0 | F83: =+SUMIF('Base Data'!$A:$A,B83,'Base Data'!M:M) -> 0 | G83: =+SUMIF('Base Data'!A:A,B83,'Base Data'!C:C) -> 0 | H83: =+IF(A83=0,"",IF(A83=1,$H$17,I82*(1-L82))) | I83: =+IFERROR(C83*F83,"") | J83: =+IFERROR(RANK(I83,$I$63:$I$78),"") | K83: =+IF(OR(J83=A83,J83=""),"",1) | L83: =+IF(ISNUMBER(SEARCH("Flyings",B83)),$J$21,IF(ISNUMBER(SEARCH("Mounted",B83)),$J$22,IF(ISNUMBER(SEARCH("Ranged",B83)),$J$23,$J$24))) -> 0.0001 | M83: =+CHOOSE($M$61,O83,P83,Q83,R83,S83,T83) -> 0
A84: =+IF(B84<>0,A83+1,0) -> 0 | B84: =+M84 -> 0 | C84: =+IFERROR(ROUNDDOWN(H84/F84,$H$21),"") | D84: =+IFERROR(C84*G84,"") | E84: =+SUMIF('Base Data'!$A:$A,B84,'Base Data'!N:N) -> 0 | F84: =+SUMIF('Base Data'!$A:$A,B84,'Base Data'!M:M) -> 0 | G84: =+SUMIF('Base Data'!A:A,B84,'Base Data'!C:C) -> 0 | H84: =+IF(A84=0,"",IF(A84=1,$H$17,I83*(1-L83))) | I84: =+IFERROR(C84*F84,"") | J84: =+IFERROR(RANK(I84,$I$63:$I$78),"") | K84: =+IF(OR(J84=A84,J84=""),"",1) | L84: =+IF(ISNUMBER(SEARCH("Flyings",B84)),$J$21,IF(ISNUMBER(SEARCH("Mounted",B84)),$J$22,IF(ISNUMBER(SEARCH("Ranged",B84)),$J$23,$J$24))) -> 0.0001 | M84: =+CHOOSE($M$61,O84,P84,Q84,R84,S84,T84) -> 0
A85: =+IF(B85<>0,A84+1,0) -> 0 | B85: =+M85 -> 0 | C85: =+IFERROR(ROUNDDOWN(H85/F85,$H$21),"") | D85: =+IFERROR(C85*G85,"") | E85: =+SUMIF('Base Data'!$A:$A,B85,'Base Data'!N:N) -> 0 | F85: =+SUMIF('Base Data'!$A:$A,B85,'Base Data'!M:M) -> 0 | G85: =+SUMIF('Base Data'!A:A,B85,'Base Data'!C:C) -> 0 | H85: =+IF(A85=0,"",IF(A85=1,$H$17,I84*(1-L84))) | I85: =+IFERROR(C85*F85,"") | J85: =+IFERROR(RANK(I85,$I$63:$I$78),"") | K85: =+IF(OR(J85=A85,J85=""),"",1) | L85: =+IF(ISNUMBER(SEARCH("Flyings",B85)),$J$21,IF(ISNUMBER(SEARCH("Mounted",B85)),$J$22,IF(ISNUMBER(SEARCH("Ranged",B85)),$J$23,$J$24))) -> 0.0001 | M85: =+CHOOSE($M$61,O85,P85,Q85,R85,S85,T85) -> 0
A86: TOTAL | C86: =SUM(C63:C85) -> 143690 | D86: =SUM(D63:D85) -> 223440 | K86: =+IF(OR(J86=A86,J86=""),"",1)
A88: Monsters | C88: Army | D88: Dominance | F88: Health per Troop | G88: Dominance per Active Troop | H88: Target Health per Stack | I88: Actual Health per Stack | J88: Actual Rank | M88: Monsters
A89: 1 | B89: =+M89 -> M7 Melee | C89: =+IFERROR(ROUNDDOWN(H89/F89,$H$21),"") -> 190 | D89: =+IFERROR(C89*G89,"") -> 7790 | F89: =+SUMIF('Base Data'!A:A,B89,'Base Data'!M:M) -> 15303150 | G89: =+SUMIF('Base Data'!A:A,B89,'Base Data'!C:C) -> 41 | H89: =+IF(A89=0,"",IF(A89=1,MIN($H$63:$H$85)*(1-$H$22),H88*(1-$H$22))) -> 2.9752983e+09 | I89: =+IFERROR(C89*F89,"") -> 2.9075985e+09 | J89: =+IFERROR(RANK(I89,$I$89:$I$104),"") -> 1 | K89: =+IF(OR(J89=A89,J89=""),"",1) | M89: =+CHOOSE($M$61,O89,P89,Q89,R89,S89,T89) -> M7 Melee | O89: M7 Melee | P89: M9 Melee | R89: M7 Melee
A90: =+IF(B90<>0,A89+1,"") -> 2 | B90: =+M90 -> M7 Flyings | C90: =+IFERROR(ROUNDDOWN(H90/F90,$H$21),"") -> 190 | D90: =+IFERROR(C90*G90,"") -> 8360 | F90: =+SUMIF('Base Data'!A:A,B90,'Base Data'!M:M) -> 14809500 | G90: =+SUMIF('Base Data'!A:A,B90,'Base Data'!C:C) -> 44 | H90: =+IF(A90=0,"",IF(A90=1,MIN($H$63:$H$85)*(1-$H$22),MIN(H89,I89)*(1-$H$22))) -> 2.9073077e+09 | I90: =+IFERROR(C90*F90,"") -> 2.813805e+09 | J90: =+IFERROR(RANK(I90,$I$89:$I$104),"") -> 2 | K90: =+IF(OR(J90=A90,J90=""),"",1) | M90: =+CHOOSE($M$61,O90,P90,Q90,R90,S90,T90) -> M7 Flyings | O90: M7 Flyings | P90: M9 Flyings | R90: M7 Flyings
A91: =+IF(B91<>0,A90+1,"") -> 3 | B91: =+M91 -> M7 Mounted | C91: =+IFERROR(ROUNDDOWN(H91/F91,$H$21),"") -> 200 | D91: =+IFERROR(C91*G91,"") -> 8200 | F91: =+SUMIF('Base Data'!A:A,B91,'Base Data'!M:M) -> 13822200 | G91: =+SUMIF('Base Data'!A:A,B91,'Base Data'!C:C) -> 41 | H91: =+IF(A91=0,"",IF(A91=1,MIN($H$63:$H$85)*(1-$H$22),MIN(H90,I90)*(1-$H$22))) -> 2.8135236e+09 | I91: =+IFERROR(C91*F91,"") -> 2.76444e+09 | J91: =+IFERROR(RANK(I91,$I$89:$I$104),"") -> 3 | K91: =+IF(OR(J91=A91,J91=""),"",1) | M91: =+CHOOSE($M$61,O91,P91,Q91,R91,S91,T91) -> M7 Mounted | O91: M7 Mounted | P91: M9 Mounted | R91: M7 Mounted
A92: =+IF(B92<>0,A91+1,"") -> 4 | B92: =+M92 -> M7 Ranged | C92: =+IFERROR(ROUNDDOWN(H92/F92,$H$21),"") -> 190 | D92: =+IFERROR(C92*G92,"") -> 8170 | F92: =+SUMIF('Base Data'!A:A,B92,'Base Data'!M:M) -> 14315850 | G92: =+SUMIF('Base Data'!A:A,B92,'Base Data'!C:C) -> 43 | H92: =+IF(A92=0,"",IF(A92=1,MIN($H$63:$H$85)*(1-$H$22),MIN(H91,I91)*(1-$H$22))) -> 2.7641636e+09 | I92: =+IFERROR(C92*F92,"") -> 2.7200115e+09 | J92: =+IFERROR(RANK(I92,$I$89:$I$104),"") -> 4 | K92: =+IF(OR(J92=A92,J92=""),"",1) | M92: =+CHOOSE($M$61,O92,P92,Q92,R92,S92,T92) -> M7 Ranged | O92: M7 Ranged | P92: M9 Ranged | R92: M7 Ranged
A93: =+IF(B93<>0,A92+1,"") -> 5 | B93: =+M93 -> M8 Melee | C93: =+IFERROR(ROUNDDOWN(H93/F93,$H$21),"") -> 80 | D93: =+IFERROR(C93*G93,"") -> 4400 | F93: =+SUMIF('Base Data'!A:A,B93,'Base Data'!M:M) -> 33074550 | G93: =+SUMIF('Base Data'!A:A,B93,'Base Data'!C:C) -> 55 | H93: =+IF(A93=0,"",IF(A93=1,MIN($H$63:$H$85)*(1-$H$22),MIN(H92,I92)*(1-$H$22))) -> 2.7197395e+09 | I93: =+IFERROR(C93*F93,"") -> 2.645964e+09 | J93: =+IFERROR(RANK(I93,$I$89:$I$104),"") -> 5 | K93: =+IF(OR(J93=A93,J93=""),"",1) | M93: =+CHOOSE($M$61,O93,P93,Q93,R93,S93,T93) -> M8 Melee | O93: M8 Melee | P93: M8 Melee | R93: M8 Melee
A94: =+IF(B94<>0,A93+1,"") -> 6 | B94: =+M94 -> M8 Flyings | C94: =+IFERROR(ROUNDDOWN(H94/F94,$H$21),"") -> 80 | D94: =+IFERROR(C94*G94,"") -> 4320 | F94: =+SUMIF('Base Data'!A:A,B94,'Base Data'!M:M) -> 32580900 | G94: =+SUMIF('Base Data'!A:A,B94,'Base Data'!C:C) -> 54 | H94: =+IF(A94=0,"",IF(A94=1,MIN($H$63:$H$85)*(1-$H$22),MIN(H93,I93)*(1-$H$22))) -> 2.6456994e+09 | I94: =+IFERROR(C94*F94,"") -> 2.606472e+09 | J94: =+IFERROR(RANK(I94,$I$89:$I$104),"") -> 6 | K94: =+IF(OR(J94=A94,J94=""),"",1) | M94: =+CHOOSE($M$61,O94,P94,Q94,R94,S94,T94) -> M8 Flyings | O94: M8 Flyings | P94: M8 Flyings | R94: M8 Flyings
A95: =+IF(B95<>0,A94+1,"") -> 7 | B95: =+M95 -> M8 Mounted | C95: =+IFERROR(ROUNDDOWN(H95/F95,$H$21),"") -> 80 | D95: =+IFERROR(C95*G95,"") -> 4240 | F95: =+SUMIF('Base Data'!A:A,B95,'Base Data'!M:M) -> 32087250 | G95: =+SUMIF('Base Data'!A:A,B95,'Base Data'!C:C) -> 53 | H95: =+IF(A95=0,"",IF(A95=1,MIN($H$63:$H$85)*(1-$H$22),MIN(H94,I94)*(1-$H$22))) -> 2.6062114e+09 | I95: =+IFERROR(C95*F95,"") -> 2.56698e+09 | J95: =+IFERROR(RANK(I95,$I$89:$I$104),"") -> 7 | K95: =+IF(OR(J95=A95,J95=""),"",1) | M95: =+CHOOSE($M$61,O95,P95,Q95,R95,S95,T95) -> M8 Mounted | O95: M8 Mounted | P95: M8 Mounted | R95: M8 Mounted
A96: =+IF(B96<>0,A95+1,"") -> 8 | B96: =+M96 -> M8 Ranged | C96: =+IFERROR(ROUNDDOWN(H96/F96,$H$21),"") -> 80 | D96: =+IFERROR(C96*G96,"") -> 4160 | F96: =+SUMIF('Base Data'!A:A,B96,'Base Data'!M:M) -> 31593600 | G96: =+SUMIF('Base Data'!A:A,B96,'Base Data'!C:C) -> 52 | H96: =+IF(A96=0,"",IF(A96=1,MIN($H$63:$H$85)*(1-$H$22),MIN(H95,I95)*(1-$H$22))) -> 2.5667233e+09 | I96: =+IFERROR(C96*F96,"") -> 2.527488e+09 | J96: =+IFERROR(RANK(I96,$I$89:$I$104),"") -> 8 | K96: =+IF(OR(J96=A96,J96=""),"",1) | M96: =+CHOOSE($M$61,O96,P96,Q96,R96,S96,T96) -> M8 Ranged | O96: M8 Ranged | P96: M8 Ranged | R96: M8 Ranged
A97: =+IF(B97<>0,A96+1,"") -> 9 | B97: =+M97 -> M9 Melee | C97: =+IFERROR(ROUNDDOWN(H97/F97,$H$21),"") -> 40 | D97: =+IFERROR(C97*G97,"") -> 2200 | F97: =+SUMIF('Base Data'!A:A,B97,'Base Data'!M:M) -> 59731650 | G97: =+SUMIF('Base Data'!A:A,B97,'Base Data'!C:C) -> 55 | H97: =+IF(A97=0,"",IF(A97=1,MIN($H$63:$H$85)*(1-$H$22),MIN(H96,I96)*(1-$H$22))) -> 2.5272353e+09 | I97: =+IFERROR(C97*F97,"") -> 2.389266e+09 | J97: =+IFERROR(RANK(I97,$I$89:$I$104),"") -> 9 | K97: =+IF(OR(J97=A97,J97=""),"",1) | M97: =+CHOOSE($M$61,O97,P97,Q97,R97,S97,T97) -> M9 Melee | O97: M9 Melee | P97: M7 Melee | R97: M9 Melee
A98: =+IF(B98<>0,A97+1,"") -> 10 | B98: =+M98 -> M9 Flyings | C98: =+IFERROR(ROUNDDOWN(H98/F98,$H$21),"") -> 40 | D98: =+IFERROR(C98*G98,"") -> 2160 | F98: =+SUMIF('Base Data'!A:A,B98,'Base Data'!M:M) -> 58744350 | G98: =+SUMIF('Base Data'!A:A,B98,'Base Data'!C:C) -> 54 | H98: =+IF(A98=0,"",IF(A98=1,MIN($H$63:$H$85)*(1-$H$22),MIN(H97,I97)*(1-$H$22))) -> 2.3890271e+09 | I98: =+IFERROR(C98*F98,"") -> 2.349774e+09 | J98: =+IFERROR(RANK(I98,$I$89:$I$104),"") -> 10 | K98: =+IF(OR(J98=A98,J98=""),"",1) | M98: =+CHOOSE($M$61,O98,P98,Q98,R98,S98,T98) -> M9 Flyings | O98: M9 Flyings | P98: M7 Flyings | R98: M9 Flyings
A99: =+IF(B99<>0,A98+1,"") -> 11 | B99: =+M99 -> M9 Mounted | C99: =+IFERROR(ROUNDDOWN(H99/F99,$H$21),"") -> 40 | D99: =+IFERROR(C99*G99,"") -> 2120 | F99: =+SUMIF('Base Data'!A:A,B99,'Base Data'!M:M) -> 57757050 | G99: =+SUMIF('Base Data'!A:A,B99,'Base Data'!C:C) -> 53 | H99: =+IF(A99=0,"",IF(A99=1,MIN($H$63:$H$85)*(1-$H$22),MIN(H98,I98)*(1-$H$22))) -> 2.349539e+09 | I99: =+IFERROR(C99*F99,"") -> 2.310282e+09 | J99: =+IFERROR(RANK(I99,$I$89:$I$104),"") -> 11 | K99: =+IF(OR(J99=A99,J99=""),"",1) | M99: =+CHOOSE($M$61,O99,P99,Q99,R99,S99,T99) -> M9 Mounted | O99: M9 Mounted | P99: M7 Mounted | R99: M9 Mounted
A100: =+IF(B100<>0,A99+1,"") -> 12 | B100: =+M100 -> M9 Ranged | C100: =+IFERROR(ROUNDDOWN(H100/F100,$H$21),"") -> 40 | D100: =+IFERROR(C100*G100,"") -> 2080 | F100: =+SUMIF('Base Data'!A:A,B100,'Base Data'!M:M) -> 56769750 | G100: =+SUMIF('Base Data'!A:A,B100,'Base Data'!C:C) -> 52 | H100: =+IF(A100=0,"",IF(A100=1,MIN($H$63:$H$85)*(1-$H$22),MIN(H99,I99)*(1-$H$22))) -> 2.310051e+09 | I100: =+IFERROR(C100*F100,"") -> 2.27079e+09 | J100: =+IFERROR(RANK(I100,$I$89:$I$104),"") -> 12 | K100: =+IF(OR(J100=A100,J100=""),"",1) | M100: =+CHOOSE($M$61,O100,P100,Q100,R100,S100,T100) -> M9 Ranged | O100: M9 Ranged | P100: M7 Ranged | R100: M9 Ranged
B101: =+M101 -> 0 | C101: =+IFERROR(ROUNDDOWN(H101/F101,$H$21),"") | D101: =+IFERROR(C101*G101,"") | F101: =+SUMIF('Base Data'!A:A,B101,'Base Data'!M:M) -> 0 | G101: =+SUMIF('Base Data'!A:A,B101,'Base Data'!C:C) -> 0 | H101: =+IF(A101=0,"",IF(A101=1,MIN($H$63:$H$85)*(1-$H$22),MIN(H100,I100)*(1-$H$22))) | I101: =+IFERROR(C101*F101,"") | J101: =+IFERROR(RANK(I101,$I$89:$I$104),"") | K101: =+IF(OR(J101=A101,J101=""),"",1) | M101: =+CHOOSE($M$61,O101,P101,Q101,R101,S101,T101) -> 0
B102: =+M102 -> 0 | C102: =+IFERROR(ROUNDDOWN(H102/F102,$H$21),"") | D102: =+IFERROR(C102*G102,"") | F102: =+SUMIF('Base Data'!A:A,B102,'Base Data'!M:M) -> 0 | G102: =+SUMIF('Base Data'!A:A,B102,'Base Data'!C:C) -> 0 | H102: =+IF(A102=0,"",IF(A102=1,MIN($H$63:$H$85)*(1-$H$22),MIN(H101,I101)*(1-$H$22))) | I102: =+IFERROR(C102*F102,"") | J102: =+IFERROR(RANK(I102,$I$89:$I$104),"") | K102: =+IF(OR(J102=A102,J102=""),"",1) | M102: =+CHOOSE($M$61,O102,P102,Q102,R102,S102,T102) -> 0
B103: =+M103 -> 0 | C103: =+IFERROR(ROUNDDOWN(H103/F103,$H$21),"") | D103: =+IFERROR(C103*G103,"") | F103: =+SUMIF('Base Data'!A:A,B103,'Base Data'!M:M) -> 0 | G103: =+SUMIF('Base Data'!A:A,B103,'Base Data'!C:C) -> 0 | H103: =+IF(A103=0,"",IF(A103=1,MIN($H$63:$H$85)*(1-$H$22),MIN(H102,I102)*(1-$H$22))) | I103: =+IFERROR(C103*F103,"") | J103: =+IFERROR(RANK(I103,$I$89:$I$104),"") | K103: =+IF(OR(J103=A103,J103=""),"",1) | M103: =+CHOOSE($M$61,O103,P103,Q103,R103,S103,T103) -> 0
B104: =+M104 -> 0 | C104: =+IFERROR(ROUNDDOWN(H104/F104,$H$21),"") | D104: =+IFERROR(C104*G104,"") | F104: =+SUMIF('Base Data'!A:A,B104,'Base Data'!M:M) -> 0 | G104: =+SUMIF('Base Data'!A:A,B104,'Base Data'!C:C) -> 0 | H104: =+IF(A104=0,"",IF(A104=1,MIN($H$63:$H$85)*(1-$H$22),MIN(H103,I103)*(1-$H$22))) | I104: =+IFERROR(C104*F104,"") | J104: =+IFERROR(RANK(I104,$I$89:$I$104),"") | K104: =+IF(OR(J104=A104,J104=""),"",1) | M104: =+CHOOSE($M$61,O104,P104,Q104,R104,S104,T104) -> 0
B105: =+M105 -> 0 | C105: =+IFERROR(ROUNDDOWN(H105/F105,$H$21),"") | D105: =+IFERROR(C105*G105,"") | F105: =+SUMIF('Base Data'!A:A,B105,'Base Data'!M:M) -> 0 | G105: =+SUMIF('Base Data'!A:A,B105,'Base Data'!C:C) -> 0 | H105: =+IF(A105=0,"",IF(A105=1,MIN($H$63:$H$85)*(1-$H$22),MIN(H104,I104)*(1-$H$22))) | I105: =+IFERROR(C105*F105,"") | J105: =+IFERROR(RANK(I105,$I$89:$I$104),"") | K105: =+IF(OR(J105=A105,J105=""),"",1) | M105: =+CHOOSE($M$61,O105,P105,Q105,R105,S105,T105) -> 0
B106: =+M106 -> 0 | C106: =+IFERROR(ROUNDDOWN(H106/F106,$H$21),"") | D106: =+IFERROR(C106*G106,"") | F106: =+SUMIF('Base Data'!A:A,B106,'Base Data'!M:M) -> 0 | G106: =+SUMIF('Base Data'!A:A,B106,'Base Data'!C:C) -> 0 | H106: =+IF(A106=0,"",IF(A106=1,MIN($H$63:$H$85)*(1-$H$22),MIN(H105,I105)*(1-$H$22))) | I106: =+IFERROR(C106*F106,"") | J106: =+IFERROR(RANK(I106,$I$89:$I$104),"") | K106: =+IF(OR(J106=A106,J106=""),"",1) | M106: =+CHOOSE($M$61,O106,P106,Q106,R106,S106,T106) -> 0
B107: =+M107 -> 0 | C107: =+IFERROR(ROUNDDOWN(H107/F107,$H$21),"") | D107: =+IFERROR(C107*G107,"") | F107: =+SUMIF('Base Data'!A:A,B107,'Base Data'!M:M) -> 0 | G107: =+SUMIF('Base Data'!A:A,B107,'Base Data'!C:C) -> 0 | H107: =+IF(A107=0,"",IF(A107=1,MIN($H$63:$H$85)*(1-$H$22),MIN(H106,I106)*(1-$H$22))) | I107: =+IFERROR(C107*F107,"") | J107: =+IFERROR(RANK(I107,$I$89:$I$104),"") | K107: =+IF(OR(J107=A107,J107=""),"",1) | M107: =+CHOOSE($M$61,O107,P107,Q107,R107,S107,T107) -> 0
B108: =+M108 -> 0 | C108: =+IFERROR(ROUNDDOWN(H108/F108,$H$21),"") | D108: =+IFERROR(C108*G108,"") | F108: =+SUMIF('Base Data'!A:A,B108,'Base Data'!M:M) -> 0 | G108: =+SUMIF('Base Data'!A:A,B108,'Base Data'!C:C) -> 0 | H108: =+IF(A108=0,"",IF(A108=1,MIN($H$63:$H$85)*(1-$H$22),MIN(H107,I107)*(1-$H$22))) | I108: =+IFERROR(C108*F108,"") | J108: =+IFERROR(RANK(I108,$I$89:$I$104),"") | K108: =+IF(OR(J108=A108,J108=""),"",1) | M108: =+CHOOSE($M$61,O108,P108,Q108,R108,S108,T108) -> 0
B109: =+M109 -> 0 | C109: =+IFERROR(ROUNDDOWN(H109/F109,$H$21),"") | D109: =+IFERROR(C109*G109,"") | F109: =+SUMIF('Base Data'!A:A,B109,'Base Data'!M:M) -> 0 | G109: =+SUMIF('Base Data'!A:A,B109,'Base Data'!C:C) -> 0 | H109: =+IF(A109=0,"",IF(A109=1,MIN($H$63:$H$85)*(1-$H$22),MIN(H108,I108)*(1-$H$22))) | I109: =+IFERROR(C109*F109,"") | J109: =+IFERROR(RANK(I109,$I$89:$I$104),"") | K109: =+IF(OR(J109=A109,J109=""),"",1) | M109: =+CHOOSE($M$61,O109,P109,Q109,R109,S109,T109) -> 0
B110: =+M110 -> 0 | C110: =+IFERROR(ROUNDDOWN(H110/F110,$H$21),"") | D110: =+IFERROR(C110*G110,"") | F110: =+SUMIF('Base Data'!A:A,B110,'Base Data'!M:M) -> 0 | G110: =+SUMIF('Base Data'!A:A,B110,'Base Data'!C:C) -> 0 | H110: =+IF(A110=0,"",IF(A110=1,MIN($H$63:$H$85)*(1-$H$22),MIN(H109,I109)*(1-$H$22))) | I110: =+IFERROR(C110*F110,"") | J110: =+IFERROR(RANK(I110,$I$89:$I$104),"") | K110: =+IF(OR(J110=A110,J110=""),"",1) | M110: =+CHOOSE($M$61,O110,P110,Q110,R110,S110,T110) -> 0
...

Sheet RSS
A1: SILVER | E1: EPIC TAR | I1: RARE TAR | M1: DCs
A2: 5000 | B2: 558 | C2: =+A2*B2 -> 2790000 | E2: 5000 | F2: 0 | G2: =+E2*F2 -> 0 | I2: 7500 | J2: 3 | K2: =+I2*J2 -> 22500 | M2: 50000 | N2: 150 | O2: =+M2*N2 -> 7500000
A3: 3000 | B3: 30 | C3: =+A3*B3 -> 90000 | E3: 15000 | F3: 360 | G3: =+E3*F3 -> 5400000 | I3: 15000 | J3: 645 | K3: =+I3*J3 -> 9675000 | M3: 100000 | N3: 130 | O3: =+M3*N3 -> 13000000
A4: 1500 | B4: 36 | C4: =+A4*B4 -> 54000 | E4: TOTAL | G4: =SUM(G2:G3) -> 5400000 | I4: TOTAL | K4: =SUM(K2:K3) -> 9697500 | M4: TOTAL | O4: =SUM(O2:O3) -> 20500000
A5: 1200 | B5: 0 | C5: =+A5*B5 -> 0
A6: 1000 | B6: 0 | C6: =+A6*B6 -> 0
A7: 750 | B7: 34 | C7: =+A7*B7 -> 25500
A8: 500 | B8: 0 | C8: =+A8*B8 -> 0
A9: 250 | B9: 0 | C9: =+A9*B9 -> 0
A10: 45 | B10: 0 | C10: =+A10*B10 -> 0
A11: 15 | B11: 0 | C11: =+A11*B11 -> 0
A12: TOTAL | C12: =SUM(C2:C11) -> 2959500
B15: 700000 | C15: =+B15*100 -> 70000000
G16: 35
G17: 35
G18: 17
G19: =SUM(G16:G18) -> 87
G20: 17 | H20: =1000/G20 -> 58.823529 | I20: =+H20*700000 -> 41176471
I21: =+I20*12 -> 4.9411765e+08
